2025-10-24 22:22:05,983 - ======================================================================
2025-10-24 22:22:05,984 - GREEKS CALCULATION STARTED: 2025-10-24 22:22:05.984035
2025-10-24 22:22:05,984 - ======================================================================
2025-10-24 22:22:05,984 - 
📊 Connecting to Snowflake...
2025-10-24 22:22:05,984 - Snowflake Connector for Python Version: 3.5.0, Python Version: 3.12.2, Platform: macOS-26.0.1-arm64-arm-64bit
2025-10-24 22:22:05,984 - This connection is in OCSP Fail Open Mode. TLS Certificates would be checked for validity and revocation status. Any other Certificate Revocation related exceptions or OCSP Responder failures would be disregarded in favor of connectivity.
2025-10-24 22:22:06,772 - ✅ Connected
2025-10-24 22:22:06,772 - 
📥 Loading options data...
2025-10-24 22:22:06,773 - query: [SELECT ID_MD5, UNDERLYING_PRICE, STRIKE, DTE, IMPLIED_VOL, OPTION_TYPE FROM OPTI...]
2025-10-24 22:22:07,885 - query execution done
2025-10-24 22:22:07,885 - Number of results in first chunk: 1100
2025-10-24 22:22:07,890 - ✅ Found 1100 contracts needing Greeks calculation
2025-10-24 22:22:07,890 - 
🧮 Calculating Greeks...
2025-10-24 22:22:07,892 - query: [UPDATE OPTIONS_SNAPSHOT SET DELTA = 0.994695308231379, GAMMA = 0.000163945558632...]
2025-10-24 22:22:08,699 - query execution done
2025-10-24 22:22:08,702 - query: [UPDATE OPTIONS_SNAPSHOT SET DELTA = 0.9928991080312526, GAMMA = 0.00022725677977...]
2025-10-24 22:22:09,545 - query execution done
2025-10-24 22:22:09,545 - query: [UPDATE OPTIONS_SNAPSHOT SET DELTA = 0.9938473708431658, GAMMA = 0.00021742060400...]
2025-10-24 22:22:10,338 - query execution done
2025-10-24 22:22:10,339 - query: [UPDATE OPTIONS_SNAPSHOT SET DELTA = 0.9928169741117739, GAMMA = 0.00029122846346...]
2025-10-24 22:22:11,184 - query execution done
2025-10-24 22:22:11,187 - query: [UPDATE OPTIONS_SNAPSHOT SET DELTA = 0.9911679347674454, GAMMA = 0.00038268604809...]
2025-10-24 22:22:12,105 - query execution done
2025-10-24 22:22:12,106 - query: [UPDATE OPTIONS_SNAPSHOT SET DELTA = 0.991618794389186, GAMMA = 0.000393754924865...]
2025-10-24 22:22:12,721 - query execution done
2025-10-24 22:22:12,722 - query: [UPDATE OPTIONS_SNAPSHOT SET DELTA = 0.9901505403258601, GAMMA = 0.00047177643879...]
2025-10-24 22:22:13,333 - query execution done
2025-10-24 22:22:13,335 - query: [UPDATE OPTIONS_SNAPSHOT SET DELTA = 0.990618802532889, GAMMA = 0.000488806185709...]
2025-10-24 22:22:14,254 - query execution done
2025-10-24 22:22:14,256 - query: [UPDATE OPTIONS_SNAPSHOT SET DELTA = 0.9889477779486586, GAMMA = 0.00058868693675...]
2025-10-24 22:22:15,664 - query execution done
2025-10-24 22:22:15,666 - query: [UPDATE OPTIONS_SNAPSHOT SET DELTA = 0.9893799144353923, GAMMA = 0.00061715081508...]
2025-10-24 22:22:16,547 - query execution done
2025-10-24 22:22:16,549 - query: [UPDATE OPTIONS_SNAPSHOT SET DELTA = 0.9875290809924252, GAMMA = 0.00074503587638...]
2025-10-24 22:22:17,122 - query execution done
2025-10-24 22:22:17,123 - query: [UPDATE OPTIONS_SNAPSHOT SET DELTA = 0.986692347054155, GAMMA = 0.000844887653309...]
2025-10-24 22:22:17,635 - query execution done
2025-10-24 22:22:17,637 - query: [UPDATE OPTIONS_SNAPSHOT SET DELTA = 0.9857325991701916, GAMMA = 0.00096497385680...]
2025-10-24 22:22:18,146 - query execution done
2025-10-24 22:22:18,149 - query: [UPDATE OPTIONS_SNAPSHOT SET DELTA = 0.9832346043813096, GAMMA = 0.00117612362576...]
2025-10-24 22:22:18,658 - query execution done
2025-10-24 22:22:18,660 - query: [UPDATE OPTIONS_SNAPSHOT SET DELTA = 0.983449153718472, GAMMA = 0.001285249950788...]
2025-10-24 22:22:19,477 - query execution done
2025-10-24 22:22:19,477 - query: [UPDATE OPTIONS_SNAPSHOT SET DELTA = 0.9788052726268086, GAMMA = 0.00167206540782...]
2025-10-24 22:22:20,344 - query execution done
2025-10-24 22:22:20,346 - query: [UPDATE OPTIONS_SNAPSHOT SET DELTA = 0.978685426032694, GAMMA = 0.001878525260295...]
2025-10-24 22:22:20,911 - query execution done
2025-10-24 22:22:20,913 - query: [UPDATE OPTIONS_SNAPSHOT SET DELTA = 0.9765868696354232, GAMMA = 0.00225312302143...]
2025-10-24 22:22:21,422 - query execution done
2025-10-24 22:22:21,424 - query: [UPDATE OPTIONS_SNAPSHOT SET DELTA = 0.9885948134687851, GAMMA = 0.00160603690778...]
2025-10-24 22:22:22,039 - query execution done
2025-10-24 22:22:22,042 - query: [UPDATE OPTIONS_SNAPSHOT SET DELTA = 0.9456348368453608, GAMMA = 0.00442261829621...]
2025-10-24 22:22:22,859 - query execution done
2025-10-24 22:22:22,861 - query: [UPDATE OPTIONS_SNAPSHOT SET DELTA = 0.9641920154606294, GAMMA = 0.00386603635675...]
2025-10-24 22:22:23,574 - query execution done
2025-10-24 22:22:23,581 - query: [UPDATE OPTIONS_SNAPSHOT SET DELTA = 0.9665399670797793, GAMMA = 0.00405048826631...]
2025-10-24 22:22:24,188 - query execution done
2025-10-24 22:22:24,190 - query: [UPDATE OPTIONS_SNAPSHOT SET DELTA = 0.9425148726558148, GAMMA = 0.00586610753388...]
2025-10-24 22:22:24,657 - query execution done
2025-10-24 22:22:24,658 - query: [UPDATE OPTIONS_SNAPSHOT SET DELTA = 0.961708710281716, GAMMA = 0.005280415258928...]
2025-10-24 22:22:25,206 - query execution done
2025-10-24 22:22:25,208 - query: [UPDATE OPTIONS_SNAPSHOT SET DELTA = 0.9678974623481991, GAMMA = 0.00532761892825...]
2025-10-24 22:22:25,725 - query execution done
2025-10-24 22:22:25,727 - query: [UPDATE OPTIONS_SNAPSHOT SET DELTA = 0.9308925949063193, GAMMA = 0.00881781191910...]
2025-10-24 22:22:26,199 - query execution done
2025-10-24 22:22:26,201 - query: [UPDATE OPTIONS_SNAPSHOT SET DELTA = 0.9172885110765211, GAMMA = 0.01079352604594...]
2025-10-24 22:22:26,850 - query execution done
2025-10-24 22:22:26,852 - query: [UPDATE OPTIONS_SNAPSHOT SET DELTA = 0.9065599011116918, GAMMA = 0.01308465449669...]
2025-10-24 22:22:27,389 - query execution done
2025-10-24 22:22:27,391 - query: [UPDATE OPTIONS_SNAPSHOT SET DELTA = 0.9234095888475788, GAMMA = 0.01460856940470...]
2025-10-24 22:22:27,978 - query execution done
2025-10-24 22:22:27,980 - query: [UPDATE OPTIONS_SNAPSHOT SET DELTA = 0.904781218644759, GAMMA = 0.019446150712073...]
2025-10-24 22:22:29,001 - query execution done
2025-10-24 22:22:29,003 - query: [UPDATE OPTIONS_SNAPSHOT SET DELTA = 0.8663199617583548, GAMMA = 0.02725597984573...]
2025-10-24 22:22:29,717 - query execution done
2025-10-24 22:22:29,718 - query: [UPDATE OPTIONS_SNAPSHOT SET DELTA = 0.8171740648601679, GAMMA = 0.03882899462660...]
2025-10-24 22:22:30,334 - query execution done
2025-10-24 22:22:30,335 - query: [UPDATE OPTIONS_SNAPSHOT SET DELTA = 0.7300091307690656, GAMMA = 0.05622566782492...]
2025-10-24 22:22:31,357 - query execution done
2025-10-24 22:22:31,359 - query: [UPDATE OPTIONS_SNAPSHOT SET DELTA = 0.5776724677894837, GAMMA = 0.07142973373184...]
2025-10-24 22:22:31,969 - query execution done
2025-10-24 22:22:31,972 - query: [UPDATE OPTIONS_SNAPSHOT SET DELTA = 0.39465919106255093, GAMMA = 0.0721048594685...]
2025-10-24 22:22:32,394 - query execution done
2025-10-24 22:22:32,395 - query: [UPDATE OPTIONS_SNAPSHOT SET DELTA = 0.23355776464423933, GAMMA = 0.0571144938279...]
2025-10-24 22:22:32,996 - query execution done
2025-10-24 22:22:32,997 - query: [UPDATE OPTIONS_SNAPSHOT SET DELTA = 0.12026920968941118, GAMMA = 0.0370423870904...]
2025-10-24 22:22:33,507 - query execution done
2025-10-24 22:22:33,509 - query: [UPDATE OPTIONS_SNAPSHOT SET DELTA = 0.060058922117329265, GAMMA = 0.021128410854...]
2025-10-24 22:22:34,123 - query execution done
2025-10-24 22:22:34,124 - query: [UPDATE OPTIONS_SNAPSHOT SET DELTA = 0.03425821052584776, GAMMA = 0.0123891602555...]
2025-10-24 22:22:34,737 - query execution done
2025-10-24 22:22:34,739 - query: [UPDATE OPTIONS_SNAPSHOT SET DELTA = 0.01758610111159923, GAMMA = 0.0067524278224...]
2025-10-24 22:22:35,349 - query execution done
2025-10-24 22:22:35,350 - query: [UPDATE OPTIONS_SNAPSHOT SET DELTA = 0.009074922148600837, GAMMA = 0.003640150260...]
2025-10-24 22:22:36,072 - query execution done
2025-10-24 22:22:36,074 - query: [UPDATE OPTIONS_SNAPSHOT SET DELTA = 0.008466096829622185, GAMMA = 0.003022199512...]
2025-10-24 22:22:36,562 - query execution done
2025-10-24 22:22:36,563 - query: [UPDATE OPTIONS_SNAPSHOT SET DELTA = 0.007608732313195575, GAMMA = 0.002483600157...]
2025-10-24 22:22:37,035 - query execution done
2025-10-24 22:22:37,037 - query: [UPDATE OPTIONS_SNAPSHOT SET DELTA = 0.003733783718432439, GAMMA = 0.001307347709...]
2025-10-24 22:22:37,482 - query execution done
2025-10-24 22:22:37,484 - query: [UPDATE OPTIONS_SNAPSHOT SET DELTA = 0.0034415133513139773, GAMMA = 0.00111711928...]
2025-10-24 22:22:38,116 - query execution done
2025-10-24 22:22:38,117 - query: [UPDATE OPTIONS_SNAPSHOT SET DELTA = 0.0018483786438022525, GAMMA = 0.00058069405...]
2025-10-24 22:22:38,728 - query execution done
2025-10-24 22:22:38,729 - query: [UPDATE OPTIONS_SNAPSHOT SET DELTA = 0.0014321960136929833, GAMMA = 0.00041182032...]
2025-10-24 22:22:39,348 - query execution done
2025-10-24 22:22:39,350 - query: [UPDATE OPTIONS_SNAPSHOT SET DELTA = 0.0011847974041891752, GAMMA = 0.00031328949...]
2025-10-24 22:22:39,943 - query execution done
2025-10-24 22:22:39,944 - query: [UPDATE OPTIONS_SNAPSHOT SET DELTA = 0.0012859291211033746, GAMMA = 0.00030175004...]
2025-10-24 22:22:40,484 - query execution done
2025-10-24 22:22:40,486 - query: [UPDATE OPTIONS_SNAPSHOT SET DELTA = 0.0013961029849068837, GAMMA = 0.00029401405...]
2025-10-24 22:22:41,186 - query execution done
2025-10-24 22:22:41,187 -    50 contracts updated...
2025-10-24 22:22:41,187 - query: [COMMIT]
2025-10-24 22:22:41,359 - query execution done
2025-10-24 22:22:41,360 - Number of results in first chunk: 1
2025-10-24 22:22:41,361 - query: [UPDATE OPTIONS_SNAPSHOT SET DELTA = 0.0012690825592841107, GAMMA = 0.00025021908...]
2025-10-24 22:22:42,004 - query execution done
2025-10-24 22:22:42,005 - query: [UPDATE OPTIONS_SNAPSHOT SET DELTA = 0.001183026708567324, GAMMA = 0.000219003551...]
2025-10-24 22:22:42,466 - query execution done
2025-10-24 22:22:42,467 - query: [UPDATE OPTIONS_SNAPSHOT SET DELTA = 0.0009527018622210495, GAMMA = 0.00017101326...]
2025-10-24 22:22:43,019 - query execution done
2025-10-24 22:22:43,020 - query: [UPDATE OPTIONS_SNAPSHOT SET DELTA = 0.0010888927644732488, GAMMA = 0.00017910287...]
2025-10-24 22:22:43,531 - query execution done
2025-10-24 22:22:43,533 - query: [UPDATE OPTIONS_SNAPSHOT SET DELTA = -0.0003044638967741875, GAMMA = 1.6747332161...]
2025-10-24 22:22:44,157 - query execution done
2025-10-24 22:22:44,159 - query: [UPDATE OPTIONS_SNAPSHOT SET DELTA = -0.00032967942477035717, GAMMA = 2.244225005...]
2025-10-24 22:22:44,626 - query execution done
2025-10-24 22:22:44,628 - query: [UPDATE OPTIONS_SNAPSHOT SET DELTA = -0.0003824666549342437, GAMMA = 2.6961477158...]
2025-10-24 22:22:45,079 - query execution done
2025-10-24 22:22:45,081 - query: [UPDATE OPTIONS_SNAPSHOT SET DELTA = -0.0003288274560272475, GAMMA = 2.5186843615...]
2025-10-24 22:22:45,693 - query execution done
2025-10-24 22:22:45,695 - query: [UPDATE OPTIONS_SNAPSHOT SET DELTA = -0.00036660915929365157, GAMMA = 2.933255515...]
2025-10-24 22:22:46,306 - query execution done
2025-10-24 22:22:46,308 - query: [UPDATE OPTIONS_SNAPSHOT SET DELTA = -0.00040203423194873356, GAMMA = 3.373054263...]
2025-10-24 22:22:47,023 - query execution done
2025-10-24 22:22:47,025 - query: [UPDATE OPTIONS_SNAPSHOT SET DELTA = -0.00043337155195299903, GAMMA = 3.828989972...]
2025-10-24 22:22:47,639 - query execution done
2025-10-24 22:22:47,641 - query: [UPDATE OPTIONS_SNAPSHOT SET DELTA = -0.00045867948136868453, GAMMA = 4.288063290...]
2025-10-24 22:22:48,149 - query execution done
2025-10-24 22:22:48,152 - query: [UPDATE OPTIONS_SNAPSHOT SET DELTA = -0.00047583767565928525, GAMMA = 4.732248748...]
2025-10-24 22:22:48,765 - query execution done
2025-10-24 22:22:48,768 - query: [UPDATE OPTIONS_SNAPSHOT SET DELTA = -0.0004826822892048943, GAMMA = 5.1377793875...]
2025-10-24 22:22:49,377 - query execution done
2025-10-24 22:22:49,378 - query: [UPDATE OPTIONS_SNAPSHOT SET DELTA = -0.0004770628648584907, GAMMA = 5.4733038332...]
2025-10-24 22:22:49,891 - query execution done
2025-10-24 22:22:49,893 - query: [UPDATE OPTIONS_SNAPSHOT SET DELTA = -0.000576422843261426, GAMMA = 6.91960555232...]
2025-10-24 22:22:50,505 - query execution done
2025-10-24 22:22:50,508 - query: [UPDATE OPTIONS_SNAPSHOT SET DELTA = -0.0006928400249233135, GAMMA = 8.7353138267...]
2025-10-24 22:22:51,120 - query execution done
2025-10-24 22:22:51,121 - query: [UPDATE OPTIONS_SNAPSHOT SET DELTA = -0.0006455128017780476, GAMMA = 8.9626580297...]
2025-10-24 22:22:51,733 - query execution done
2025-10-24 22:22:51,735 - query: [UPDATE OPTIONS_SNAPSHOT SET DELTA = -0.000761225283431699, GAMMA = 0.00011236962...]
2025-10-24 22:22:52,245 - query execution done
2025-10-24 22:22:52,247 - query: [UPDATE OPTIONS_SNAPSHOT SET DELTA = -0.0008941303510309195, GAMMA = 0.0001411620...]
2025-10-24 22:22:53,059 - query execution done
2025-10-24 22:22:53,061 - query: [UPDATE OPTIONS_SNAPSHOT SET DELTA = -0.0007613623407765058, GAMMA = 0.0001369729...]
2025-10-24 22:22:53,679 - query execution done
2025-10-24 22:22:53,680 - query: [UPDATE OPTIONS_SNAPSHOT SET DELTA = -0.0008687498650241654, GAMMA = 0.0001706578...]
2025-10-24 22:22:54,384 - query execution done
2025-10-24 22:22:54,386 - query: [UPDATE OPTIONS_SNAPSHOT SET DELTA = -0.002001132138165107, GAMMA = 0.00037894122...]
2025-10-24 22:22:54,909 - query execution done
2025-10-24 22:22:54,910 - query: [UPDATE OPTIONS_SNAPSHOT SET DELTA = -0.015258764175248407, GAMMA = 0.00195905318...]
2025-10-24 22:22:55,420 - query execution done
2025-10-24 22:22:55,438 - query: [UPDATE OPTIONS_SNAPSHOT SET DELTA = -0.008665780216252639, GAMMA = 0.00142370234...]
2025-10-24 22:22:55,933 - query execution done
2025-10-24 22:22:55,935 - query: [UPDATE OPTIONS_SNAPSHOT SET DELTA = -0.003532866117847755, GAMMA = 0.00078789898...]
2025-10-24 22:22:56,546 - query execution done
2025-10-24 22:22:56,547 - query: [UPDATE OPTIONS_SNAPSHOT SET DELTA = -0.0047367694793220005, GAMMA = 0.0010719895...]
2025-10-24 22:22:57,159 - query execution done
2025-10-24 22:22:57,161 - query: [UPDATE OPTIONS_SNAPSHOT SET DELTA = -0.006970232847405833, GAMMA = 0.00156492878...]
2025-10-24 22:22:57,878 - query execution done
2025-10-24 22:22:57,879 - query: [UPDATE OPTIONS_SNAPSHOT SET DELTA = -0.007772565515752228, GAMMA = 0.00186902590...]
2025-10-24 22:22:58,497 - query execution done
2025-10-24 22:22:58,498 - query: [UPDATE OPTIONS_SNAPSHOT SET DELTA = -0.009563211199501431, GAMMA = 0.00241541745...]
2025-10-24 22:22:59,105 - query execution done
2025-10-24 22:22:59,106 - query: [UPDATE OPTIONS_SNAPSHOT SET DELTA = -0.014794060379662022, GAMMA = 0.00368205500...]
2025-10-24 22:22:59,970 - query execution done
2025-10-24 22:22:59,971 - query: [UPDATE OPTIONS_SNAPSHOT SET DELTA = -0.02571430366410765, GAMMA = 0.006009255404...]
2025-10-24 22:23:00,395 - query execution done
2025-10-24 22:23:00,396 - query: [UPDATE OPTIONS_SNAPSHOT SET DELTA = -0.026715687087171758, GAMMA = 0.00715775568...]
2025-10-24 22:23:00,948 - query execution done
2025-10-24 22:23:00,949 - query: [UPDATE OPTIONS_SNAPSHOT SET DELTA = -0.03724797817301706, GAMMA = 0.010362127365...]
2025-10-24 22:23:01,481 - query execution done
2025-10-24 22:23:01,482 - query: [UPDATE OPTIONS_SNAPSHOT SET DELTA = -0.05494701204119745, GAMMA = 0.015656730007...]
2025-10-24 22:23:02,085 - query execution done
2025-10-24 22:23:02,087 - query: [UPDATE OPTIONS_SNAPSHOT SET DELTA = -0.08367675185153356, GAMMA = 0.024316892302...]
2025-10-24 22:23:02,677 - query execution done
2025-10-24 22:23:02,678 - query: [UPDATE OPTIONS_SNAPSHOT SET DELTA = -0.14725257490971555, GAMMA = 0.039255443901...]
2025-10-24 22:23:03,249 - query execution done
2025-10-24 22:23:03,250 - query: [UPDATE OPTIONS_SNAPSHOT SET DELTA = -0.2537540334023982, GAMMA = 0.0590622925057...]
2025-10-24 22:23:03,799 - query execution done
2025-10-24 22:23:03,800 - query: [UPDATE OPTIONS_SNAPSHOT SET DELTA = -0.4193410634098719, GAMMA = 0.0744299171195...]
2025-10-24 22:23:04,421 - query execution done
2025-10-24 22:23:04,457 - query: [UPDATE OPTIONS_SNAPSHOT SET DELTA = -0.6092449760496929, GAMMA = 0.0744458064505...]
2025-10-24 22:23:04,993 - query execution done
2025-10-24 22:23:04,995 - query: [UPDATE OPTIONS_SNAPSHOT SET DELTA = -0.7676438376796416, GAMMA = 0.0572503068930...]
2025-10-24 22:23:05,567 - query execution done
2025-10-24 22:23:05,568 - query: [UPDATE OPTIONS_SNAPSHOT SET DELTA = -0.8013285664634653, GAMMA = 0.0374755725547...]
2025-10-24 22:23:06,070 - query execution done
2025-10-24 22:23:06,071 - query: [UPDATE OPTIONS_SNAPSHOT SET DELTA = -0.8931709225834837, GAMMA = 0.0262095230936...]
2025-10-24 22:23:06,772 - query execution done
2025-10-24 22:23:06,774 - query: [UPDATE OPTIONS_SNAPSHOT SET DELTA = -0.8853210815597419, GAMMA = 0.0210315099033...]
2025-10-24 22:23:07,315 - query execution done
2025-10-24 22:23:07,317 - query: [UPDATE OPTIONS_SNAPSHOT SET DELTA = -0.8915142018110493, GAMMA = 0.0171658073516...]
2025-10-24 22:23:07,976 - query execution done
2025-10-24 22:23:07,978 - query: [UPDATE OPTIONS_SNAPSHOT SET DELTA = -0.9013241861662596, GAMMA = 0.0142783655270...]
2025-10-24 22:23:08,563 - query execution done
2025-10-24 22:23:08,702 - query: [UPDATE OPTIONS_SNAPSHOT SET DELTA = -0.909167779482198, GAMMA = 0.01215485308234...]
2025-10-24 22:23:09,306 - query execution done
2025-10-24 22:23:09,307 - query: [UPDATE OPTIONS_SNAPSHOT SET DELTA = -0.9205009890539928, GAMMA = 0.0102985402073...]
2025-10-24 22:23:10,064 - query execution done
2025-10-24 22:23:10,069 - query: [UPDATE OPTIONS_SNAPSHOT SET DELTA = -0.925524273170432, GAMMA = 0.00824536708469...]
2025-10-24 22:23:10,781 - query execution done
2025-10-24 22:23:10,783 - query: [UPDATE OPTIONS_SNAPSHOT SET DELTA = -0.6412274252725236, GAMMA = 0.0060530816319...]
2025-10-24 22:23:11,496 - query execution done
2025-10-24 22:23:11,497 -    100 contracts updated...
2025-10-24 22:23:11,497 - query: [COMMIT]
2025-10-24 22:23:11,640 - query execution done
2025-10-24 22:23:11,641 - Number of results in first chunk: 1
2025-10-24 22:23:11,642 - query: [UPDATE OPTIONS_SNAPSHOT SET DELTA = -0.9939739085392099, GAMMA = 0.0012688586235...]
2025-10-24 22:23:12,213 - query execution done
2025-10-24 22:23:12,214 - query: [UPDATE OPTIONS_SNAPSHOT SET DELTA = -0.9999686904710499, GAMMA = 1.3839244672820...]
2025-10-24 22:23:12,728 - query execution done
2025-10-24 22:23:12,730 - query: [UPDATE OPTIONS_SNAPSHOT SET DELTA = -0.9957648611596233, GAMMA = 0.0006517220129...]
2025-10-24 22:23:13,444 - query execution done
2025-10-24 22:23:13,446 - query: [UPDATE OPTIONS_SNAPSHOT SET DELTA = -0.7067227480174474, GAMMA = 0.0041065691205...]
2025-10-24 22:23:13,971 - query execution done
2025-10-24 22:23:13,973 - query: [UPDATE OPTIONS_SNAPSHOT SET DELTA = 0.9885959155541951, GAMMA = 0.00040149161349...]
2025-10-24 22:23:14,466 - query execution done
2025-10-24 22:23:14,468 - query: [UPDATE OPTIONS_SNAPSHOT SET DELTA = 0.9866108224933412, GAMMA = 0.00050788130656...]
2025-10-24 22:23:15,036 - query execution done
2025-10-24 22:23:15,038 - query: [UPDATE OPTIONS_SNAPSHOT SET DELTA = 0.9858816647728443, GAMMA = 0.00056195751647...]
2025-10-24 22:23:15,574 - query execution done
2025-10-24 22:23:15,575 - query: [UPDATE OPTIONS_SNAPSHOT SET DELTA = 0.9833358928616577, GAMMA = 0.00077292042438...]
2025-10-24 22:23:16,213 - query execution done
2025-10-24 22:23:16,214 - query: [UPDATE OPTIONS_SNAPSHOT SET DELTA = 0.9813703714579954, GAMMA = 0.00089506833130...]
2025-10-24 22:23:16,928 - query execution done
2025-10-24 22:23:16,930 - query: [UPDATE OPTIONS_SNAPSHOT SET DELTA = 0.9792823257434874, GAMMA = 0.00103514007283...]
2025-10-24 22:23:17,539 - query execution done
2025-10-24 22:23:17,541 - query: [UPDATE OPTIONS_SNAPSHOT SET DELTA = 0.9768997725142056, GAMMA = 0.00120202402514...]
2025-10-24 22:23:18,256 - query execution done
2025-10-24 22:23:18,257 - query: [UPDATE OPTIONS_SNAPSHOT SET DELTA = 0.9763931555462503, GAMMA = 0.00132830524608...]
2025-10-24 22:23:18,869 - query execution done
2025-10-24 22:23:18,870 - query: [UPDATE OPTIONS_SNAPSHOT SET DELTA = 0.9725187526506293, GAMMA = 0.00159449322123...]
2025-10-24 22:23:19,381 - query execution done
2025-10-24 22:23:19,382 - query: [UPDATE OPTIONS_SNAPSHOT SET DELTA = 0.9704317141709883, GAMMA = 0.00183482797840...]
2025-10-24 22:23:19,894 - query execution done
2025-10-24 22:23:19,896 - query: [UPDATE OPTIONS_SNAPSHOT SET DELTA = 0.9680761572459883, GAMMA = 0.00212890668233...]
2025-10-24 22:23:20,714 - query execution done
2025-10-24 22:23:20,716 - query: [UPDATE OPTIONS_SNAPSHOT SET DELTA = 0.9640130052389528, GAMMA = 0.00254903981968...]
2025-10-24 22:23:21,325 - query execution done
2025-10-24 22:23:21,326 - query: [UPDATE OPTIONS_SNAPSHOT SET DELTA = 0.9564813205443254, GAMMA = 0.00319118760028...]
2025-10-24 22:23:21,813 - query execution done
2025-10-24 22:23:21,814 - query: [UPDATE OPTIONS_SNAPSHOT SET DELTA = 0.9507216653616044, GAMMA = 0.00389442982157...]
2025-10-24 22:23:22,453 - query execution done
2025-10-24 22:23:22,455 - query: [UPDATE OPTIONS_SNAPSHOT SET DELTA = 0.9391272305677197, GAMMA = 0.00500795164014...]
2025-10-24 22:23:23,170 - query execution done
2025-10-24 22:23:23,171 - query: [UPDATE OPTIONS_SNAPSHOT SET DELTA = 0.9325020249860058, GAMMA = 0.00569410078821...]
2025-10-24 22:23:23,886 - query execution done
2025-10-24 22:23:23,887 - query: [UPDATE OPTIONS_SNAPSHOT SET DELTA = 0.9071706688689352, GAMMA = 0.00697584032223...]
2025-10-24 22:23:24,447 - query execution done
2025-10-24 22:23:24,448 - query: [UPDATE OPTIONS_SNAPSHOT SET DELTA = 0.9068673221593262, GAMMA = 0.00771472397417...]
2025-10-24 22:23:24,986 - query execution done
2025-10-24 22:23:24,988 - query: [UPDATE OPTIONS_SNAPSHOT SET DELTA = 0.8976602780731753, GAMMA = 0.00882147479493...]
2025-10-24 22:23:25,630 - query execution done
2025-10-24 22:23:25,631 - query: [UPDATE OPTIONS_SNAPSHOT SET DELTA = 0.8398288620795373, GAMMA = 0.01043472710369...]
2025-10-24 22:23:26,243 - query execution done
2025-10-24 22:23:26,245 - query: [UPDATE OPTIONS_SNAPSHOT SET DELTA = 0.8606710001278808, GAMMA = 0.01196075488485...]
2025-10-24 22:23:26,855 - query execution done
2025-10-24 22:23:26,857 - query: [UPDATE OPTIONS_SNAPSHOT SET DELTA = 0.83057593475101, GAMMA = 0.0138878272611226...]
2025-10-24 22:23:27,393 - query execution done
2025-10-24 22:23:27,394 - query: [UPDATE OPTIONS_SNAPSHOT SET DELTA = 0.7988287831551836, GAMMA = 0.01601053830926...]
2025-10-24 22:23:28,098 - query execution done
2025-10-24 22:23:28,100 - query: [UPDATE OPTIONS_SNAPSHOT SET DELTA = 0.7643073862696856, GAMMA = 0.01845266854928...]
2025-10-24 22:23:28,679 - query execution done
2025-10-24 22:23:28,681 - query: [UPDATE OPTIONS_SNAPSHOT SET DELTA = 0.7174000955491177, GAMMA = 0.02070118291346...]
2025-10-24 22:23:29,213 - query execution done
2025-10-24 22:23:29,215 - query: [UPDATE OPTIONS_SNAPSHOT SET DELTA = 0.6640719774829646, GAMMA = 0.02270024019481...]
2025-10-24 22:23:29,825 - query execution done
2025-10-24 22:23:29,827 - query: [UPDATE OPTIONS_SNAPSHOT SET DELTA = 0.6056904453886277, GAMMA = 0.02430673222770...]
2025-10-24 22:23:30,664 - query execution done
2025-10-24 22:23:30,666 - query: [UPDATE OPTIONS_SNAPSHOT SET DELTA = 0.543618839647002, GAMMA = 0.025411182810595...]
2025-10-24 22:23:31,197 - query execution done
2025-10-24 22:23:31,199 - query: [UPDATE OPTIONS_SNAPSHOT SET DELTA = 0.47916873320623665, GAMMA = 0.0259410305143...]
2025-10-24 22:23:31,874 - query execution done
2025-10-24 22:23:31,875 - query: [UPDATE OPTIONS_SNAPSHOT SET DELTA = 0.41448166442313306, GAMMA = 0.0256336442011...]
2025-10-24 22:23:32,385 - query execution done
2025-10-24 22:23:32,387 - query: [UPDATE OPTIONS_SNAPSHOT SET DELTA = 0.3511634165437506, GAMMA = 0.02467224101326...]
2025-10-24 22:23:33,002 - query execution done
2025-10-24 22:23:33,003 - query: [UPDATE OPTIONS_SNAPSHOT SET DELTA = 0.29321000960196314, GAMMA = 0.0229056705914...]
2025-10-24 22:23:33,616 - query execution done
2025-10-24 22:23:33,618 - query: [UPDATE OPTIONS_SNAPSHOT SET DELTA = 0.23624925747452402, GAMMA = 0.0209041528625...]
2025-10-24 22:23:34,128 - query execution done
2025-10-24 22:23:34,130 - query: [UPDATE OPTIONS_SNAPSHOT SET DELTA = 0.18857928726202627, GAMMA = 0.0183826188385...]
2025-10-24 22:23:34,639 - query execution done
2025-10-24 22:23:34,640 - query: [UPDATE OPTIONS_SNAPSHOT SET DELTA = 0.14846682273639916, GAMMA = 0.0157485065357...]
2025-10-24 22:23:35,256 - query execution done
2025-10-24 22:23:35,258 - query: [UPDATE OPTIONS_SNAPSHOT SET DELTA = 0.11548336655549984, GAMMA = 0.0131956928718...]
2025-10-24 22:23:35,969 - query execution done
2025-10-24 22:23:35,970 - query: [UPDATE OPTIONS_SNAPSHOT SET DELTA = 0.08967462456038583, GAMMA = 0.0108823571852...]
2025-10-24 22:23:36,584 - query execution done
2025-10-24 22:23:36,586 - query: [UPDATE OPTIONS_SNAPSHOT SET DELTA = 0.06920283727743078, GAMMA = 0.0088543788243...]
2025-10-24 22:23:37,191 - query execution done
2025-10-24 22:23:37,192 - query: [UPDATE OPTIONS_SNAPSHOT SET DELTA = 0.053209281582776165, GAMMA = 0.007129619458...]
2025-10-24 22:23:37,915 - query execution done
2025-10-24 22:23:37,917 - query: [UPDATE OPTIONS_SNAPSHOT SET DELTA = 0.03160313619511895, GAMMA = 0.0045492442149...]
2025-10-24 22:23:38,532 - query execution done
2025-10-24 22:23:38,534 - query: [UPDATE OPTIONS_SNAPSHOT SET DELTA = 0.01970397393205512, GAMMA = 0.0029493805810...]
2025-10-24 22:23:39,144 - query execution done
2025-10-24 22:23:39,146 - query: [UPDATE OPTIONS_SNAPSHOT SET DELTA = 0.012793472946112487, GAMMA = 0.001955430949...]
2025-10-24 22:23:39,862 - query execution done
2025-10-24 22:23:39,864 - query: [UPDATE OPTIONS_SNAPSHOT SET DELTA = 0.009134804834467035, GAMMA = 0.001386886682...]
2025-10-24 22:23:40,435 - query execution done
2025-10-24 22:23:40,437 - query: [UPDATE OPTIONS_SNAPSHOT SET DELTA = 0.006924204709619857, GAMMA = 0.001031742445...]
2025-10-24 22:23:41,192 - query execution done
2025-10-24 22:23:41,194 - query: [UPDATE OPTIONS_SNAPSHOT SET DELTA = 0.005082076814195037, GAMMA = 0.000752378466...]
2025-10-24 22:23:41,704 - query execution done
2025-10-24 22:23:41,706 - query: [UPDATE OPTIONS_SNAPSHOT SET DELTA = 0.003354587022144355, GAMMA = 0.000506477450...]
2025-10-24 22:23:42,322 - query execution done
2025-10-24 22:23:42,323 -    150 contracts updated...
2025-10-24 22:23:42,323 - query: [COMMIT]
2025-10-24 22:23:42,469 - query execution done
2025-10-24 22:23:42,470 - Number of results in first chunk: 1
2025-10-24 22:23:42,471 - query: [UPDATE OPTIONS_SNAPSHOT SET DELTA = 0.002575667441052431, GAMMA = 0.000383911444...]
2025-10-24 22:23:43,138 - query execution done
2025-10-24 22:23:43,140 - query: [UPDATE OPTIONS_SNAPSHOT SET DELTA = 0.0017573841329946668, GAMMA = 0.00026535925...]
2025-10-24 22:23:43,754 - query execution done
2025-10-24 22:23:43,756 - query: [UPDATE OPTIONS_SNAPSHOT SET DELTA = -0.0002510830795194874, GAMMA = 1.4209277870...]
2025-10-24 22:23:44,278 - query execution done
2025-10-24 22:23:44,280 - query: [UPDATE OPTIONS_SNAPSHOT SET DELTA = 0.0, GAMMA = 2.149313906761061e-23, THETA = ...]
2025-10-24 22:23:44,879 - query execution done
2025-10-24 22:23:44,881 - query: [UPDATE OPTIONS_SNAPSHOT SET DELTA = -0.00033089186240320423, GAMMA = 2.123108051...]
2025-10-24 22:23:45,597 - query execution done
2025-10-24 22:23:45,600 - query: [UPDATE OPTIONS_SNAPSHOT SET DELTA = -0.0002880737886415963, GAMMA = 1.9995699502...]
2025-10-24 22:23:46,315 - query execution done
2025-10-24 22:23:46,316 - query: [UPDATE OPTIONS_SNAPSHOT SET DELTA = -0.0003219710834060363, GAMMA = 2.3285535806...]
2025-10-24 22:23:46,928 - query execution done
2025-10-24 22:23:46,929 - query: [UPDATE OPTIONS_SNAPSHOT SET DELTA = -0.00035344684780436175, GAMMA = 2.673131916...]
2025-10-24 22:23:47,541 - query execution done
2025-10-24 22:23:47,542 - query: [UPDATE OPTIONS_SNAPSHOT SET DELTA = -0.0003808889697696216, GAMMA = 3.0245824170...]
2025-10-24 22:23:48,155 - query execution done
2025-10-24 22:23:48,157 - query: [UPDATE OPTIONS_SNAPSHOT SET DELTA = -0.00040254246699156226, GAMMA = 3.371155052...]
2025-10-24 22:23:48,674 - query execution done
2025-10-24 22:23:48,676 - query: [UPDATE OPTIONS_SNAPSHOT SET DELTA = -0.0040562022449125434, GAMMA = 0.0002307008...]
2025-10-24 22:23:49,388 - query execution done
2025-10-24 22:23:49,389 - query: [UPDATE OPTIONS_SNAPSHOT SET DELTA = -0.0007811370058021794, GAMMA = 6.6633491710...]
2025-10-24 22:23:49,998 - query execution done
2025-10-24 22:23:50,001 - query: [UPDATE OPTIONS_SNAPSHOT SET DELTA = -0.00041459790112130523, GAMMA = 4.207181533...]
2025-10-24 22:23:50,553 - query execution done
2025-10-24 22:23:50,554 - query: [UPDATE OPTIONS_SNAPSHOT SET DELTA = -0.0008872486916954303, GAMMA = 8.4951861381...]
2025-10-24 22:23:51,026 - query execution done
2025-10-24 22:23:51,028 - query: [UPDATE OPTIONS_SNAPSHOT SET DELTA = -0.0010630693981490413, GAMMA = 0.0001059677...]
2025-10-24 22:23:51,740 - query execution done
2025-10-24 22:23:51,741 - query: [UPDATE OPTIONS_SNAPSHOT SET DELTA = -0.001979888285989828, GAMMA = 0.00018870586...]
2025-10-24 22:23:52,355 - query execution done
2025-10-24 22:23:52,356 - query: [UPDATE OPTIONS_SNAPSHOT SET DELTA = -0.001658969892019968, GAMMA = 0.00017758376...]
2025-10-24 22:23:52,866 - query execution done
2025-10-24 22:23:52,867 - query: [UPDATE OPTIONS_SNAPSHOT SET DELTA = -0.0026162031107068717, GAMMA = 0.0002772137...]
2025-10-24 22:23:53,480 - query execution done
2025-10-24 22:23:53,481 - query: [UPDATE OPTIONS_SNAPSHOT SET DELTA = -0.002852433716273639, GAMMA = 0.00032439435...]
2025-10-24 22:23:54,198 - query execution done
2025-10-24 22:23:54,200 - query: [UPDATE OPTIONS_SNAPSHOT SET DELTA = -0.00452731606880552, GAMMA = 0.000509027470...]
2025-10-24 22:23:54,730 - query execution done
2025-10-24 22:23:54,732 - query: [UPDATE OPTIONS_SNAPSHOT SET DELTA = -0.005486773249478549, GAMMA = 0.00065177418...]
2025-10-24 22:23:55,260 - query execution done
2025-10-24 22:23:55,261 - query: [UPDATE OPTIONS_SNAPSHOT SET DELTA = -0.008042425773987616, GAMMA = 0.00096465959...]
2025-10-24 22:23:55,904 - query execution done
2025-10-24 22:23:55,905 - query: [UPDATE OPTIONS_SNAPSHOT SET DELTA = -0.011375641986844154, GAMMA = 0.00139326049...]
2025-10-24 22:23:56,450 - query execution done
2025-10-24 22:23:56,451 - query: [UPDATE OPTIONS_SNAPSHOT SET DELTA = -0.01869614736995362, GAMMA = 0.002227122912...]
2025-10-24 22:23:56,931 - query execution done
2025-10-24 22:23:56,932 - query: [UPDATE OPTIONS_SNAPSHOT SET DELTA = -0.027944788117093666, GAMMA = 0.00333019364...]
2025-10-24 22:23:57,680 - query execution done
2025-10-24 22:23:57,681 - query: [UPDATE OPTIONS_SNAPSHOT SET DELTA = -0.03443181151417918, GAMMA = 0.004088443174...]
2025-10-24 22:23:58,294 - query execution done
2025-10-24 22:23:58,295 - query: [UPDATE OPTIONS_SNAPSHOT SET DELTA = -0.043172210228953345, GAMMA = 0.00506121638...]
2025-10-24 22:23:58,876 - query execution done
2025-10-24 22:23:58,877 - query: [UPDATE OPTIONS_SNAPSHOT SET DELTA = -0.05507436661581677, GAMMA = 0.006299988071...]
2025-10-24 22:23:59,523 - query execution done
2025-10-24 22:23:59,527 - query: [UPDATE OPTIONS_SNAPSHOT SET DELTA = -0.07085785608481288, GAMMA = 0.007825292994...]
2025-10-24 22:24:00,210 - query execution done
2025-10-24 22:24:00,211 - query: [UPDATE OPTIONS_SNAPSHOT SET DELTA = -0.08831166874073648, GAMMA = 0.009539588620...]
2025-10-24 22:24:00,853 - query execution done
2025-10-24 22:24:00,854 - query: [UPDATE OPTIONS_SNAPSHOT SET DELTA = -0.1128212139253113, GAMMA = 0.0116274076884...]
2025-10-24 22:24:01,468 - query execution done
2025-10-24 22:24:01,469 - query: [UPDATE OPTIONS_SNAPSHOT SET DELTA = -0.14239695258864704, GAMMA = 0.013958089359...]
2025-10-24 22:24:02,493 - query execution done
2025-10-24 22:24:02,494 - query: [UPDATE OPTIONS_SNAPSHOT SET DELTA = -0.17919636624621704, GAMMA = 0.016474449323...]
2025-10-24 22:24:03,105 - query execution done
2025-10-24 22:24:03,107 - query: [UPDATE OPTIONS_SNAPSHOT SET DELTA = -0.2219754409960677, GAMMA = 0.0190709418331...]
2025-10-24 22:24:03,720 - query execution done
2025-10-24 22:24:03,722 - query: [UPDATE OPTIONS_SNAPSHOT SET DELTA = -0.27271491479644727, GAMMA = 0.021512124396...]
2025-10-24 22:24:04,314 - query execution done
2025-10-24 22:24:04,315 - query: [UPDATE OPTIONS_SNAPSHOT SET DELTA = -0.3275856188633276, GAMMA = 0.0238964344488...]
2025-10-24 22:24:04,949 - query execution done
2025-10-24 22:24:04,950 - query: [UPDATE OPTIONS_SNAPSHOT SET DELTA = -0.3909180910537865, GAMMA = 0.0252764764261...]
2025-10-24 22:24:05,461 - query execution done
2025-10-24 22:24:05,463 - query: [UPDATE OPTIONS_SNAPSHOT SET DELTA = -0.4553633795081361, GAMMA = 0.0266919111609...]
2025-10-24 22:24:06,009 - query execution done
2025-10-24 22:24:06,011 - query: [UPDATE OPTIONS_SNAPSHOT SET DELTA = -0.5223313672389137, GAMMA = 0.0268181234438...]
2025-10-24 22:24:06,692 - query execution done
2025-10-24 22:24:06,693 - query: [UPDATE OPTIONS_SNAPSHOT SET DELTA = -0.5902288439859487, GAMMA = 0.0266956118114...]
2025-10-24 22:24:07,304 - query execution done
2025-10-24 22:24:07,306 - query: [UPDATE OPTIONS_SNAPSHOT SET DELTA = -0.6339836748161793, GAMMA = 0.0227848273768...]
2025-10-24 22:24:08,022 - query execution done
2025-10-24 22:24:08,023 - query: [UPDATE OPTIONS_SNAPSHOT SET DELTA = -0.686898315219622, GAMMA = 0.02136828426544...]
2025-10-24 22:24:08,637 - query execution done
2025-10-24 22:24:08,639 - query: [UPDATE OPTIONS_SNAPSHOT SET DELTA = -0.76487866813443, GAMMA = 0.020947592549367...]
2025-10-24 22:24:09,140 - query execution done
2025-10-24 22:24:09,141 - query: [UPDATE OPTIONS_SNAPSHOT SET DELTA = -0.8522204314714108, GAMMA = 0.0157421166953...]
2025-10-24 22:24:09,660 - query execution done
2025-10-24 22:24:09,808 - query: [UPDATE OPTIONS_SNAPSHOT SET DELTA = -0.9082124144185875, GAMMA = 0.0109698336400...]
2025-10-24 22:24:10,480 - query execution done
2025-10-24 22:24:10,481 - query: [UPDATE OPTIONS_SNAPSHOT SET DELTA = -0.8959071905315299, GAMMA = 0.0093715197183...]
2025-10-24 22:24:10,998 - query execution done
2025-10-24 22:24:11,000 - query: [UPDATE OPTIONS_SNAPSHOT SET DELTA = -0.9233968103005715, GAMMA = 0.0071591071215...]
2025-10-24 22:24:11,709 - query execution done
2025-10-24 22:24:11,710 - query: [UPDATE OPTIONS_SNAPSHOT SET DELTA = -0.9263957888177554, GAMMA = 0.0061471864813...]
2025-10-24 22:24:12,323 - query execution done
2025-10-24 22:24:12,325 - query: [UPDATE OPTIONS_SNAPSHOT SET DELTA = -0.9351518673028056, GAMMA = 0.0051715316208...]
2025-10-24 22:24:12,935 - query execution done
2025-10-24 22:24:12,937 - query: [UPDATE OPTIONS_SNAPSHOT SET DELTA = -0.9430372166095025, GAMMA = 0.0040049100744...]
2025-10-24 22:24:13,544 - query execution done
2025-10-24 22:24:13,544 -    200 contracts updated...
2025-10-24 22:24:13,544 - query: [COMMIT]
2025-10-24 22:24:13,680 - query execution done
2025-10-24 22:24:13,681 - Number of results in first chunk: 1
2025-10-24 22:24:13,683 - query: [UPDATE OPTIONS_SNAPSHOT SET DELTA = -0.9405440976448841, GAMMA = 0.0037680610588...]
2025-10-24 22:24:14,205 - query execution done
2025-10-24 22:24:14,206 - query: [UPDATE OPTIONS_SNAPSHOT SET DELTA = 0.9901740825178726, GAMMA = 0.00025289558215...]
2025-10-24 22:24:14,735 - query execution done
2025-10-24 22:24:14,742 - query: [UPDATE OPTIONS_SNAPSHOT SET DELTA = 0.9891460501800775, GAMMA = 0.00030432713845...]
2025-10-24 22:24:15,248 - query execution done
2025-10-24 22:24:15,248 - query: [UPDATE OPTIONS_SNAPSHOT SET DELTA = 0.985556816895912, GAMMA = 0.000469039078754...]
2025-10-24 22:24:15,756 - query execution done
2025-10-24 22:24:15,757 - query: [UPDATE OPTIONS_SNAPSHOT SET DELTA = 0.984190289990595, GAMMA = 0.000529854343254...]
2025-10-24 22:24:16,385 - query execution done
2025-10-24 22:24:16,387 - query: [UPDATE OPTIONS_SNAPSHOT SET DELTA = 0.9820782547140948, GAMMA = 0.00061233672657...]
2025-10-24 22:24:16,838 - query execution done
2025-10-24 22:24:16,840 - query: [UPDATE OPTIONS_SNAPSHOT SET DELTA = 0.9800967755823226, GAMMA = 0.00074825109154...]
2025-10-24 22:24:17,443 - query execution done
2025-10-24 22:24:17,445 - query: [UPDATE OPTIONS_SNAPSHOT SET DELTA = 0.9775327697701779, GAMMA = 0.00086483553784...]
2025-10-24 22:24:18,172 - query execution done
2025-10-24 22:24:18,174 - query: [UPDATE OPTIONS_SNAPSHOT SET DELTA = 0.9770247391095734, GAMMA = 0.00094299777133...]
2025-10-24 22:24:18,774 - query execution done
2025-10-24 22:24:18,776 - query: [UPDATE OPTIONS_SNAPSHOT SET DELTA = 0.974865294759265, GAMMA = 0.001073424658494...]
2025-10-24 22:24:19,322 - query execution done
2025-10-24 22:24:19,324 - query: [UPDATE OPTIONS_SNAPSHOT SET DELTA = 0.9674248546544868, GAMMA = 0.00146479139009...]
2025-10-24 22:24:19,748 - query execution done
2025-10-24 22:24:19,750 - query: [UPDATE OPTIONS_SNAPSHOT SET DELTA = 0.9679056268811368, GAMMA = 0.00158505035952...]
2025-10-24 22:24:20,325 - query execution done
2025-10-24 22:24:20,327 - query: [UPDATE OPTIONS_SNAPSHOT SET DELTA = 0.963806296944011, GAMMA = 0.001856703597340...]
2025-10-24 22:24:20,859 - query execution done
2025-10-24 22:24:20,861 - query: [UPDATE OPTIONS_SNAPSHOT SET DELTA = 0.9611913938252905, GAMMA = 0.00212572796009...]
2025-10-24 22:24:21,540 - query execution done
2025-10-24 22:24:21,542 - query: [UPDATE OPTIONS_SNAPSHOT SET DELTA = 0.9582076712197857, GAMMA = 0.00245426807969...]
2025-10-24 22:24:22,461 - query execution done
2025-10-24 22:24:22,462 - query: [UPDATE OPTIONS_SNAPSHOT SET DELTA = 0.9503212574764814, GAMMA = 0.00299645755389...]
2025-10-24 22:24:22,974 - query execution done
2025-10-24 22:24:22,977 - query: [UPDATE OPTIONS_SNAPSHOT SET DELTA = 0.9425547978420314, GAMMA = 0.00362790879775...]
2025-10-24 22:24:23,586 - query execution done
2025-10-24 22:24:23,588 - query: [UPDATE OPTIONS_SNAPSHOT SET DELTA = 0.9323549527039363, GAMMA = 0.00445889100037...]
2025-10-24 22:24:24,817 - query execution done
2025-10-24 22:24:24,820 - query: [UPDATE OPTIONS_SNAPSHOT SET DELTA = 0.8786169872538413, GAMMA = 0.00613040342748...]
2025-10-24 22:24:25,436 - query execution done
2025-10-24 22:24:25,438 - query: [UPDATE OPTIONS_SNAPSHOT SET DELTA = 0.8924461064660233, GAMMA = 0.00718203668046...]
2025-10-24 22:24:25,946 - query execution done
2025-10-24 22:24:25,947 - query: [UPDATE OPTIONS_SNAPSHOT SET DELTA = 0.8697178764854998, GAMMA = 0.00911960892295...]
2025-10-24 22:24:26,556 - query execution done
2025-10-24 22:24:26,558 - query: [UPDATE OPTIONS_SNAPSHOT SET DELTA = 0.8290751508588672, GAMMA = 0.01174183658760...]
2025-10-24 22:24:27,654 - query execution done
2025-10-24 22:24:27,655 - query: [UPDATE OPTIONS_SNAPSHOT SET DELTA = 0.7724104428042742, GAMMA = 0.01491440256007...]
2025-10-24 22:24:28,304 - query execution done
2025-10-24 22:24:28,306 - query: [UPDATE OPTIONS_SNAPSHOT SET DELTA = 0.694264258659381, GAMMA = 0.018130043848474...]
2025-10-24 22:24:28,872 - query execution done
2025-10-24 22:24:28,875 - query: [UPDATE OPTIONS_SNAPSHOT SET DELTA = 0.5985071516010061, GAMMA = 0.02071637066270...]
2025-10-24 22:24:29,501 - query execution done
2025-10-24 22:24:29,502 - query: [UPDATE OPTIONS_SNAPSHOT SET DELTA = 0.4911842876944555, GAMMA = 0.02201250293177...]
2025-10-24 22:24:30,050 - query execution done
2025-10-24 22:24:30,052 - query: [UPDATE OPTIONS_SNAPSHOT SET DELTA = 0.38124963313153487, GAMMA = 0.0215215317193...]
2025-10-24 22:24:30,593 - query execution done
2025-10-24 22:24:30,595 - query: [UPDATE OPTIONS_SNAPSHOT SET DELTA = 0.28085181182411434, GAMMA = 0.0191935526140...]
2025-10-24 22:24:31,120 - query execution done
2025-10-24 22:24:31,123 - query: [UPDATE OPTIONS_SNAPSHOT SET DELTA = 0.1945803424942481, GAMMA = 0.01586160097968...]
2025-10-24 22:24:31,778 - query execution done
2025-10-24 22:24:31,780 - query: [UPDATE OPTIONS_SNAPSHOT SET DELTA = 0.12936385956526603, GAMMA = 0.0121448673362...]
2025-10-24 22:24:32,378 - query execution done
2025-10-24 22:24:32,380 - query: [UPDATE OPTIONS_SNAPSHOT SET DELTA = 0.08518425956056064, GAMMA = 0.0088439024723...]
2025-10-24 22:24:32,836 - query execution done
2025-10-24 22:24:32,838 - query: [UPDATE OPTIONS_SNAPSHOT SET DELTA = 0.054957647766266056, GAMMA = 0.006205902901...]
2025-10-24 22:24:33,410 - query execution done
2025-10-24 22:24:33,413 - query: [UPDATE OPTIONS_SNAPSHOT SET DELTA = 0.03606103289726243, GAMMA = 0.0043121251415...]
2025-10-24 22:24:33,959 - query execution done
2025-10-24 22:24:33,961 - query: [UPDATE OPTIONS_SNAPSHOT SET DELTA = 0.023434336890086838, GAMMA = 0.002946588910...]
2025-10-24 22:24:34,544 - query execution done
2025-10-24 22:24:34,545 - query: [UPDATE OPTIONS_SNAPSHOT SET DELTA = 0.016049720759261876, GAMMA = 0.002069427103...]
2025-10-24 22:24:35,261 - query execution done
2025-10-24 22:24:35,266 - query: [UPDATE OPTIONS_SNAPSHOT SET DELTA = 0.01122305471152283, GAMMA = 0.0014714565428...]
2025-10-24 22:24:35,804 - query execution done
2025-10-24 22:24:35,806 - query: [UPDATE OPTIONS_SNAPSHOT SET DELTA = 0.00810735406248763, GAMMA = 0.0010706251505...]
2025-10-24 22:24:36,490 - query execution done
2025-10-24 22:24:36,492 - query: [UPDATE OPTIONS_SNAPSHOT SET DELTA = 0.006291737577958501, GAMMA = 0.000822493454...]
2025-10-24 22:24:37,103 - query execution done
2025-10-24 22:24:37,106 - query: [UPDATE OPTIONS_SNAPSHOT SET DELTA = 0.004631724914548173, GAMMA = 0.000608543716...]
2025-10-24 22:24:37,720 - query execution done
2025-10-24 22:24:37,722 - query: [UPDATE OPTIONS_SNAPSHOT SET DELTA = 0.0044909328036943415, GAMMA = 0.00055749269...]
2025-10-24 22:24:38,333 - query execution done
2025-10-24 22:24:38,335 - query: [UPDATE OPTIONS_SNAPSHOT SET DELTA = -0.0034878822075544713, GAMMA = 0.0001197294...]
2025-10-24 22:24:38,948 - query execution done
2025-10-24 22:24:38,949 - query: [UPDATE OPTIONS_SNAPSHOT SET DELTA = -0.0007639590276886654, GAMMA = 4.2590177039...]
2025-10-24 22:24:39,640 - query execution done
2025-10-24 22:24:39,640 - query: [UPDATE OPTIONS_SNAPSHOT SET DELTA = -0.0005984665813041357, GAMMA = 3.9088602360...]
2025-10-24 22:24:40,181 - query execution done
2025-10-24 22:24:40,183 - query: [UPDATE OPTIONS_SNAPSHOT SET DELTA = -0.004901856202008337, GAMMA = 0.00021964298...]
2025-10-24 22:24:40,821 - query execution done
2025-10-24 22:24:40,823 - query: [UPDATE OPTIONS_SNAPSHOT SET DELTA = -0.0006792196718897747, GAMMA = 4.8943376467...]
2025-10-24 22:24:41,509 - query execution done
2025-10-24 22:24:41,511 - query: [UPDATE OPTIONS_SNAPSHOT SET DELTA = -0.0007381400758901258, GAMMA = 5.5780653074...]
2025-10-24 22:24:42,134 - query execution done
2025-10-24 22:24:42,136 - query: [UPDATE OPTIONS_SNAPSHOT SET DELTA = -0.0011561729374879315, GAMMA = 8.5832050232...]
2025-10-24 22:24:42,658 - query execution done
2025-10-24 22:24:42,660 - query: [UPDATE OPTIONS_SNAPSHOT SET DELTA = -0.0011275798369756451, GAMMA = 8.9816736748...]
2025-10-24 22:24:43,248 - query execution done
2025-10-24 22:24:43,249 - query: [UPDATE OPTIONS_SNAPSHOT SET DELTA = -0.0011866929480123245, GAMMA = 0.0001001920...]
2025-10-24 22:24:43,863 - query execution done
2025-10-24 22:24:43,865 - query: [UPDATE OPTIONS_SNAPSHOT SET DELTA = -0.002039137995384799, GAMMA = 0.00016591019...]
2025-10-24 22:24:44,578 - query execution done
2025-10-24 22:24:44,579 -    250 contracts updated...
2025-10-24 22:24:44,579 - query: [COMMIT]
2025-10-24 22:24:44,786 - query execution done
2025-10-24 22:24:44,787 - Number of results in first chunk: 1
2025-10-24 22:24:44,789 - query: [UPDATE OPTIONS_SNAPSHOT SET DELTA = -0.0021437776940960163, GAMMA = 0.0001857283...]
2025-10-24 22:24:45,625 - query execution done
2025-10-24 22:24:45,629 - query: [UPDATE OPTIONS_SNAPSHOT SET DELTA = -0.003007784332256569, GAMMA = 0.00026135818...]
2025-10-24 22:24:46,219 - query execution done
2025-10-24 22:24:46,222 - query: [UPDATE OPTIONS_SNAPSHOT SET DELTA = -0.004008956668975161, GAMMA = 0.00035320789...]
2025-10-24 22:24:46,835 - query execution done
2025-10-24 22:24:46,837 - query: [UPDATE OPTIONS_SNAPSHOT SET DELTA = -0.004979570192296556, GAMMA = 0.00045288406...]
2025-10-24 22:24:47,345 - query execution done
2025-10-24 22:24:47,347 - query: [UPDATE OPTIONS_SNAPSHOT SET DELTA = -0.006957465029020171, GAMMA = 0.00063457927...]
2025-10-24 22:24:48,133 - query execution done
2025-10-24 22:24:48,135 - query: [UPDATE OPTIONS_SNAPSHOT SET DELTA = -0.00859655990394248, GAMMA = 0.000813707958...]
2025-10-24 22:24:48,704 - query execution done
2025-10-24 22:24:48,705 - query: [UPDATE OPTIONS_SNAPSHOT SET DELTA = -0.011299322461303607, GAMMA = 0.00109352571...]
2025-10-24 22:24:49,518 - query execution done
2025-10-24 22:24:49,520 - query: [UPDATE OPTIONS_SNAPSHOT SET DELTA = -0.015935846396130104, GAMMA = 0.00154368836...]
2025-10-24 22:24:50,174 - query execution done
2025-10-24 22:24:50,176 - query: [UPDATE OPTIONS_SNAPSHOT SET DELTA = -0.021433263131964586, GAMMA = 0.00211207914...]
2025-10-24 22:24:50,733 - query execution done
2025-10-24 22:24:50,735 - query: [UPDATE OPTIONS_SNAPSHOT SET DELTA = -0.03063761550590638, GAMMA = 0.003001688106...]
2025-10-24 22:24:51,321 - query execution done
2025-10-24 22:24:51,322 - query: [UPDATE OPTIONS_SNAPSHOT SET DELTA = -0.04474127299602659, GAMMA = 0.004299575582...]
2025-10-24 22:24:51,953 - query execution done
2025-10-24 22:24:51,954 - query: [UPDATE OPTIONS_SNAPSHOT SET DELTA = -0.06602107784002986, GAMMA = 0.006136639361...]
2025-10-24 22:24:52,449 - query execution done
2025-10-24 22:24:52,452 - query: [UPDATE OPTIONS_SNAPSHOT SET DELTA = -0.09517940961465476, GAMMA = 0.008575300307...]
2025-10-24 22:24:53,078 - query execution done
2025-10-24 22:24:53,079 - query: [UPDATE OPTIONS_SNAPSHOT SET DELTA = -0.1429787981517977, GAMMA = 0.0118350580013...]
2025-10-24 22:24:53,644 - query execution done
2025-10-24 22:24:53,646 - query: [UPDATE OPTIONS_SNAPSHOT SET DELTA = -0.20801323158743767, GAMMA = 0.015561917233...]
2025-10-24 22:24:54,311 - query execution done
2025-10-24 22:24:54,313 - query: [UPDATE OPTIONS_SNAPSHOT SET DELTA = -0.29246097869959997, GAMMA = 0.019325967215...]
2025-10-24 22:24:54,958 - query execution done
2025-10-24 22:24:54,960 - query: [UPDATE OPTIONS_SNAPSHOT SET DELTA = -0.3969317654395361, GAMMA = 0.0220132032525...]
2025-10-24 22:24:55,638 - query execution done
2025-10-24 22:24:55,640 - query: [UPDATE OPTIONS_SNAPSHOT SET DELTA = -0.5106550315808072, GAMMA = 0.0231315739317...]
2025-10-24 22:24:56,152 - query execution done
2025-10-24 22:24:56,153 - query: [UPDATE OPTIONS_SNAPSHOT SET DELTA = -0.6166687509871448, GAMMA = 0.0212398475628...]
2025-10-24 22:24:56,867 - query execution done
2025-10-24 22:24:56,868 - query: [UPDATE OPTIONS_SNAPSHOT SET DELTA = -0.7023569967932668, GAMMA = 0.0182365111407...]
2025-10-24 22:24:57,406 - query execution done
2025-10-24 22:24:57,409 - query: [UPDATE OPTIONS_SNAPSHOT SET DELTA = -0.8150522152659695, GAMMA = 0.0159631411455...]
2025-10-24 22:24:58,001 - query execution done
2025-10-24 22:24:58,002 - query: [UPDATE OPTIONS_SNAPSHOT SET DELTA = -0.8840774425130189, GAMMA = 0.0118682692147...]
2025-10-24 22:24:58,607 - query execution done
2025-10-24 22:24:58,609 - query: [UPDATE OPTIONS_SNAPSHOT SET DELTA = -0.8974697246909128, GAMMA = 0.0080049223087...]
2025-10-24 22:24:59,113 - query execution done
2025-10-24 22:24:59,115 - query: [UPDATE OPTIONS_SNAPSHOT SET DELTA = -0.9118923936375325, GAMMA = 0.0066406073070...]
2025-10-24 22:24:59,638 - query execution done
2025-10-24 22:24:59,639 - query: [UPDATE OPTIONS_SNAPSHOT SET DELTA = -0.9243087148082278, GAMMA = 0.0055648181430...]
2025-10-24 22:25:00,390 - query execution done
2025-10-24 22:25:00,392 - query: [UPDATE OPTIONS_SNAPSHOT SET DELTA = 0.994695308231379, GAMMA = 0.000163945558632...]
2025-10-24 22:25:00,954 - query execution done
2025-10-24 22:25:00,956 - query: [UPDATE OPTIONS_SNAPSHOT SET DELTA = 0.9928991080312526, GAMMA = 0.00022725677977...]
2025-10-24 22:25:01,588 - query execution done
2025-10-24 22:25:01,589 - query: [UPDATE OPTIONS_SNAPSHOT SET DELTA = 0.9938473708431658, GAMMA = 0.00021742060400...]
2025-10-24 22:25:02,050 - query execution done
2025-10-24 22:25:02,052 - query: [UPDATE OPTIONS_SNAPSHOT SET DELTA = 0.9928169741117739, GAMMA = 0.00029122846346...]
2025-10-24 22:25:02,586 - query execution done
2025-10-24 22:25:02,588 - query: [UPDATE OPTIONS_SNAPSHOT SET DELTA = 0.9911679347674454, GAMMA = 0.00038268604809...]
2025-10-24 22:25:03,317 - query execution done
2025-10-24 22:25:03,319 - query: [UPDATE OPTIONS_SNAPSHOT SET DELTA = 0.991618794389186, GAMMA = 0.000393754924865...]
2025-10-24 22:25:04,036 - query execution done
2025-10-24 22:25:04,038 - query: [UPDATE OPTIONS_SNAPSHOT SET DELTA = 0.9901505403258601, GAMMA = 0.00047177643879...]
2025-10-24 22:25:04,584 - query execution done
2025-10-24 22:25:04,584 - query: [UPDATE OPTIONS_SNAPSHOT SET DELTA = 0.990618802532889, GAMMA = 0.000488806185709...]
2025-10-24 22:25:05,161 - query execution done
2025-10-24 22:25:05,163 - query: [UPDATE OPTIONS_SNAPSHOT SET DELTA = 0.9889477779486586, GAMMA = 0.00058868693675...]
2025-10-24 22:25:05,788 - query execution done
2025-10-24 22:25:05,790 - query: [UPDATE OPTIONS_SNAPSHOT SET DELTA = 0.9893799144353923, GAMMA = 0.00061715081508...]
2025-10-24 22:25:06,391 - query execution done
2025-10-24 22:25:06,392 - query: [UPDATE OPTIONS_SNAPSHOT SET DELTA = 0.9875290809924252, GAMMA = 0.00074503587638...]
2025-10-24 22:25:06,918 - query execution done
2025-10-24 22:25:06,919 - query: [UPDATE OPTIONS_SNAPSHOT SET DELTA = 0.986692347054155, GAMMA = 0.000844887653309...]
2025-10-24 22:25:07,823 - query execution done
2025-10-24 22:25:07,826 - query: [UPDATE OPTIONS_SNAPSHOT SET DELTA = 0.9857325991701916, GAMMA = 0.00096497385680...]
2025-10-24 22:25:08,438 - query execution done
2025-10-24 22:25:08,440 - query: [UPDATE OPTIONS_SNAPSHOT SET DELTA = 0.9832346043813096, GAMMA = 0.00117612362576...]
2025-10-24 22:25:09,053 - query execution done
2025-10-24 22:25:09,055 - query: [UPDATE OPTIONS_SNAPSHOT SET DELTA = 0.983449153718472, GAMMA = 0.001285249950788...]
2025-10-24 22:25:09,769 - query execution done
2025-10-24 22:25:09,771 - query: [UPDATE OPTIONS_SNAPSHOT SET DELTA = 0.9788052726268086, GAMMA = 0.00167206540782...]
2025-10-24 22:25:10,385 - query execution done
2025-10-24 22:25:10,387 - query: [UPDATE OPTIONS_SNAPSHOT SET DELTA = 0.978685426032694, GAMMA = 0.001878525260295...]
2025-10-24 22:25:10,928 - query execution done
2025-10-24 22:25:11,071 - query: [UPDATE OPTIONS_SNAPSHOT SET DELTA = 0.9765868696354232, GAMMA = 0.00225312302143...]
2025-10-24 22:25:11,627 - query execution done
2025-10-24 22:25:11,628 - query: [UPDATE OPTIONS_SNAPSHOT SET DELTA = 0.9885948134687851, GAMMA = 0.00160603690778...]
2025-10-24 22:25:12,333 - query execution done
2025-10-24 22:25:12,335 - query: [UPDATE OPTIONS_SNAPSHOT SET DELTA = 0.9456348368453608, GAMMA = 0.00442261829621...]
2025-10-24 22:25:12,976 - query execution done
2025-10-24 22:25:12,978 - query: [UPDATE OPTIONS_SNAPSHOT SET DELTA = 0.9641920154606294, GAMMA = 0.00386603635675...]
2025-10-24 22:25:13,650 - query execution done
2025-10-24 22:25:13,652 - query: [UPDATE OPTIONS_SNAPSHOT SET DELTA = 0.9665399670797793, GAMMA = 0.00405048826631...]
2025-10-24 22:25:14,176 - query execution done
2025-10-24 22:25:14,177 - query: [UPDATE OPTIONS_SNAPSHOT SET DELTA = 0.9425148726558148, GAMMA = 0.00586610753388...]
2025-10-24 22:25:14,692 - query execution done
2025-10-24 22:25:14,693 - query: [UPDATE OPTIONS_SNAPSHOT SET DELTA = 0.961708710281716, GAMMA = 0.005280415258928...]
2025-10-24 22:25:15,299 - query execution done
2025-10-24 22:25:15,301 - query: [UPDATE OPTIONS_SNAPSHOT SET DELTA = 0.9678974623481991, GAMMA = 0.00532761892825...]
2025-10-24 22:25:15,914 - query execution done
2025-10-24 22:25:15,915 -    300 contracts updated...
2025-10-24 22:25:15,915 - query: [COMMIT]
2025-10-24 22:25:16,059 - query execution done
2025-10-24 22:25:16,059 - Number of results in first chunk: 1
2025-10-24 22:25:16,061 - query: [UPDATE OPTIONS_SNAPSHOT SET DELTA = 0.9308925949063193, GAMMA = 0.00881781191910...]
2025-10-24 22:25:16,621 - query execution done
2025-10-24 22:25:16,623 - query: [UPDATE OPTIONS_SNAPSHOT SET DELTA = 0.9172885110765211, GAMMA = 0.01079352604594...]
2025-10-24 22:25:17,244 - query execution done
2025-10-24 22:25:17,246 - query: [UPDATE OPTIONS_SNAPSHOT SET DELTA = 0.9065599011116918, GAMMA = 0.01308465449669...]
2025-10-24 22:25:17,835 - query execution done
2025-10-24 22:25:17,837 - query: [UPDATE OPTIONS_SNAPSHOT SET DELTA = 0.9234095888475788, GAMMA = 0.01460856940470...]
2025-10-24 22:25:18,411 - query execution done
2025-10-24 22:25:18,413 - query: [UPDATE OPTIONS_SNAPSHOT SET DELTA = 0.904781218644759, GAMMA = 0.019446150712073...]
2025-10-24 22:25:19,032 - query execution done
2025-10-24 22:25:19,033 - query: [UPDATE OPTIONS_SNAPSHOT SET DELTA = 0.8663199617583548, GAMMA = 0.02725597984573...]
2025-10-24 22:25:19,703 - query execution done
2025-10-24 22:25:19,704 - query: [UPDATE OPTIONS_SNAPSHOT SET DELTA = 0.8171740648601679, GAMMA = 0.03882899462660...]
2025-10-24 22:25:20,548 - query execution done
2025-10-24 22:25:20,550 - query: [UPDATE OPTIONS_SNAPSHOT SET DELTA = 0.7300091307690656, GAMMA = 0.05622566782492...]
2025-10-24 22:25:21,137 - query execution done
2025-10-24 22:25:21,139 - query: [UPDATE OPTIONS_SNAPSHOT SET DELTA = 0.5776724677894837, GAMMA = 0.07142973373184...]
2025-10-24 22:25:21,648 - query execution done
2025-10-24 22:25:21,649 - query: [UPDATE OPTIONS_SNAPSHOT SET DELTA = 0.39465919106255093, GAMMA = 0.0721048594685...]
2025-10-24 22:25:22,364 - query execution done
2025-10-24 22:25:22,366 - query: [UPDATE OPTIONS_SNAPSHOT SET DELTA = 0.23355776464423933, GAMMA = 0.0571144938279...]
2025-10-24 22:25:22,891 - query execution done
2025-10-24 22:25:22,892 - query: [UPDATE OPTIONS_SNAPSHOT SET DELTA = 0.12026920968941118, GAMMA = 0.0370423870904...]
2025-10-24 22:25:23,490 - query execution done
2025-10-24 22:25:23,492 - query: [UPDATE OPTIONS_SNAPSHOT SET DELTA = 0.060058922117329265, GAMMA = 0.021128410854...]
2025-10-24 22:25:24,106 - query execution done
2025-10-24 22:25:24,108 - query: [UPDATE OPTIONS_SNAPSHOT SET DELTA = 0.03425821052584776, GAMMA = 0.0123891602555...]
2025-10-24 22:25:24,691 - query execution done
2025-10-24 22:25:24,696 - query: [UPDATE OPTIONS_SNAPSHOT SET DELTA = 0.01758610111159923, GAMMA = 0.0067524278224...]
2025-10-24 22:25:25,434 - query execution done
2025-10-24 22:25:25,439 - query: [UPDATE OPTIONS_SNAPSHOT SET DELTA = 0.009074922148600837, GAMMA = 0.003640150260...]
2025-10-24 22:25:26,032 - query execution done
2025-10-24 22:25:26,033 - query: [UPDATE OPTIONS_SNAPSHOT SET DELTA = 0.008466096829622185, GAMMA = 0.003022199512...]
2025-10-24 22:25:26,608 - query execution done
2025-10-24 22:25:26,609 - query: [UPDATE OPTIONS_SNAPSHOT SET DELTA = 0.007608732313195575, GAMMA = 0.002483600157...]
2025-10-24 22:25:27,360 - query execution done
2025-10-24 22:25:27,361 - query: [UPDATE OPTIONS_SNAPSHOT SET DELTA = 0.003733783718432439, GAMMA = 0.001307347709...]
2025-10-24 22:25:27,871 - query execution done
2025-10-24 22:25:27,874 - query: [UPDATE OPTIONS_SNAPSHOT SET DELTA = 0.0034415133513139773, GAMMA = 0.00111711928...]
2025-10-24 22:25:28,362 - query execution done
2025-10-24 22:25:28,363 - query: [UPDATE OPTIONS_SNAPSHOT SET DELTA = 0.0018483786438022525, GAMMA = 0.00058069405...]
2025-10-24 22:25:28,972 - query execution done
2025-10-24 22:25:28,973 - query: [UPDATE OPTIONS_SNAPSHOT SET DELTA = 0.0014321960136929833, GAMMA = 0.00041182032...]
2025-10-24 22:25:29,647 - query execution done
2025-10-24 22:25:29,648 - query: [UPDATE OPTIONS_SNAPSHOT SET DELTA = 0.0011847974041891752, GAMMA = 0.00031328949...]
2025-10-24 22:25:30,099 - query execution done
2025-10-24 22:25:30,100 - query: [UPDATE OPTIONS_SNAPSHOT SET DELTA = 0.0012859291211033746, GAMMA = 0.00030175004...]
2025-10-24 22:25:30,926 - query execution done
2025-10-24 22:25:30,928 - query: [UPDATE OPTIONS_SNAPSHOT SET DELTA = 0.0013961029849068837, GAMMA = 0.00029401405...]
2025-10-24 22:25:31,399 - query execution done
2025-10-24 22:25:31,400 - query: [UPDATE OPTIONS_SNAPSHOT SET DELTA = 0.0012690825592841107, GAMMA = 0.00025021908...]
2025-10-24 22:25:32,007 - query execution done
2025-10-24 22:25:32,008 - query: [UPDATE OPTIONS_SNAPSHOT SET DELTA = 0.001183026708567324, GAMMA = 0.000219003551...]
2025-10-24 22:25:32,645 - query execution done
2025-10-24 22:25:32,646 - query: [UPDATE OPTIONS_SNAPSHOT SET DELTA = 0.0009527018622210495, GAMMA = 0.00017101326...]
2025-10-24 22:25:33,326 - query execution done
2025-10-24 22:25:33,329 - query: [UPDATE OPTIONS_SNAPSHOT SET DELTA = 0.0010888927644732488, GAMMA = 0.00017910287...]
2025-10-24 22:25:34,040 - query execution done
2025-10-24 22:25:34,042 - query: [UPDATE OPTIONS_SNAPSHOT SET DELTA = -0.0003044638967741875, GAMMA = 1.6747332161...]
2025-10-24 22:25:34,598 - query execution done
2025-10-24 22:25:34,599 - query: [UPDATE OPTIONS_SNAPSHOT SET DELTA = -0.00032967942477035717, GAMMA = 2.244225005...]
2025-10-24 22:25:35,166 - query execution done
2025-10-24 22:25:35,169 - query: [UPDATE OPTIONS_SNAPSHOT SET DELTA = -0.0003824666549342437, GAMMA = 2.6961477158...]
2025-10-24 22:25:35,783 - query execution done
2025-10-24 22:25:35,785 - query: [UPDATE OPTIONS_SNAPSHOT SET DELTA = -0.0003288274560272475, GAMMA = 2.5186843615...]
2025-10-24 22:25:36,408 - query execution done
2025-10-24 22:25:36,410 - query: [UPDATE OPTIONS_SNAPSHOT SET DELTA = -0.00036660915929365157, GAMMA = 2.933255515...]
2025-10-24 22:25:36,906 - query execution done
2025-10-24 22:25:36,908 - query: [UPDATE OPTIONS_SNAPSHOT SET DELTA = -0.00040203423194873356, GAMMA = 3.373054263...]
2025-10-24 22:25:37,520 - query execution done
2025-10-24 22:25:37,522 - query: [UPDATE OPTIONS_SNAPSHOT SET DELTA = -0.00043337155195299903, GAMMA = 3.828989972...]
2025-10-24 22:25:38,135 - query execution done
2025-10-24 22:25:38,137 - query: [UPDATE OPTIONS_SNAPSHOT SET DELTA = -0.00045867948136868453, GAMMA = 4.288063290...]
2025-10-24 22:25:38,748 - query execution done
2025-10-24 22:25:38,749 - query: [UPDATE OPTIONS_SNAPSHOT SET DELTA = -0.00047583767565928525, GAMMA = 4.732248748...]
2025-10-24 22:25:39,320 - query execution done
2025-10-24 22:25:39,322 - query: [UPDATE OPTIONS_SNAPSHOT SET DELTA = -0.0004826822892048943, GAMMA = 5.1377793875...]
2025-10-24 22:25:39,835 - query execution done
2025-10-24 22:25:39,838 - query: [UPDATE OPTIONS_SNAPSHOT SET DELTA = -0.0004770628648584907, GAMMA = 5.4733038332...]
2025-10-24 22:25:40,412 - query execution done
2025-10-24 22:25:40,413 - query: [UPDATE OPTIONS_SNAPSHOT SET DELTA = -0.000576422843261426, GAMMA = 6.91960555232...]
2025-10-24 22:25:41,183 - query execution done
2025-10-24 22:25:41,184 - query: [UPDATE OPTIONS_SNAPSHOT SET DELTA = -0.0006928400249233135, GAMMA = 8.7353138267...]
2025-10-24 22:25:41,693 - query execution done
2025-10-24 22:25:41,695 - query: [UPDATE OPTIONS_SNAPSHOT SET DELTA = -0.0006455128017780476, GAMMA = 8.9626580297...]
2025-10-24 22:25:42,211 - query execution done
2025-10-24 22:25:42,213 - query: [UPDATE OPTIONS_SNAPSHOT SET DELTA = -0.000761225283431699, GAMMA = 0.00011236962...]
2025-10-24 22:25:42,799 - query execution done
2025-10-24 22:25:42,800 - query: [UPDATE OPTIONS_SNAPSHOT SET DELTA = -0.0008941303510309195, GAMMA = 0.0001411620...]
2025-10-24 22:25:43,684 - query execution done
2025-10-24 22:25:43,686 - query: [UPDATE OPTIONS_SNAPSHOT SET DELTA = -0.0007613623407765058, GAMMA = 0.0001369729...]
2025-10-24 22:25:44,216 - query execution done
2025-10-24 22:25:44,218 - query: [UPDATE OPTIONS_SNAPSHOT SET DELTA = -0.0008687498650241654, GAMMA = 0.0001706578...]
2025-10-24 22:25:44,791 - query execution done
2025-10-24 22:25:44,793 - query: [UPDATE OPTIONS_SNAPSHOT SET DELTA = -0.002001132138165107, GAMMA = 0.00037894122...]
2025-10-24 22:25:45,320 - query execution done
2025-10-24 22:25:45,321 - query: [UPDATE OPTIONS_SNAPSHOT SET DELTA = -0.015258764175248407, GAMMA = 0.00195905318...]
2025-10-24 22:25:46,042 - query execution done
2025-10-24 22:25:46,044 - query: [UPDATE OPTIONS_SNAPSHOT SET DELTA = -0.008665780216252639, GAMMA = 0.00142370234...]
2025-10-24 22:25:46,634 - query execution done
2025-10-24 22:25:46,635 -    350 contracts updated...
2025-10-24 22:25:46,635 - query: [COMMIT]
2025-10-24 22:25:46,838 - query execution done
2025-10-24 22:25:46,839 - Number of results in first chunk: 1
2025-10-24 22:25:46,840 - query: [UPDATE OPTIONS_SNAPSHOT SET DELTA = -0.003532866117847755, GAMMA = 0.00078789898...]
2025-10-24 22:25:47,398 - query execution done
2025-10-24 22:25:47,400 - query: [UPDATE OPTIONS_SNAPSHOT SET DELTA = -0.0047367694793220005, GAMMA = 0.0010719895...]
2025-10-24 22:25:48,355 - query execution done
2025-10-24 22:25:48,357 - query: [UPDATE OPTIONS_SNAPSHOT SET DELTA = -0.006970232847405833, GAMMA = 0.00156492878...]
2025-10-24 22:25:48,975 - query execution done
2025-10-24 22:25:48,977 - query: [UPDATE OPTIONS_SNAPSHOT SET DELTA = -0.007772565515752228, GAMMA = 0.00186902590...]
2025-10-24 22:25:49,506 - query execution done
2025-10-24 22:25:49,508 - query: [UPDATE OPTIONS_SNAPSHOT SET DELTA = -0.009563211199501431, GAMMA = 0.00241541745...]
2025-10-24 22:25:50,038 - query execution done
2025-10-24 22:25:50,039 - query: [UPDATE OPTIONS_SNAPSHOT SET DELTA = -0.014794060379662022, GAMMA = 0.00368205500...]
2025-10-24 22:25:50,548 - query execution done
2025-10-24 22:25:50,549 - query: [UPDATE OPTIONS_SNAPSHOT SET DELTA = -0.02571430366410765, GAMMA = 0.006009255404...]
2025-10-24 22:25:51,142 - query execution done
2025-10-24 22:25:51,143 - query: [UPDATE OPTIONS_SNAPSHOT SET DELTA = -0.026715687087171758, GAMMA = 0.00715775568...]
2025-10-24 22:25:51,654 - query execution done
2025-10-24 22:25:51,656 - query: [UPDATE OPTIONS_SNAPSHOT SET DELTA = -0.03724797817301706, GAMMA = 0.010362127365...]
2025-10-24 22:25:52,266 - query execution done
2025-10-24 22:25:52,269 - query: [UPDATE OPTIONS_SNAPSHOT SET DELTA = -0.05494701204119745, GAMMA = 0.015656730007...]
2025-10-24 22:25:52,859 - query execution done
2025-10-24 22:25:52,860 - query: [UPDATE OPTIONS_SNAPSHOT SET DELTA = -0.08367675185153356, GAMMA = 0.024316892302...]
2025-10-24 22:25:53,422 - query execution done
2025-10-24 22:25:53,423 - query: [UPDATE OPTIONS_SNAPSHOT SET DELTA = -0.14725257490971555, GAMMA = 0.039255443901...]
2025-10-24 22:25:53,993 - query execution done
2025-10-24 22:25:53,995 - query: [UPDATE OPTIONS_SNAPSHOT SET DELTA = -0.2537540334023982, GAMMA = 0.0590622925057...]
2025-10-24 22:25:54,477 - query execution done
2025-10-24 22:25:54,480 - query: [UPDATE OPTIONS_SNAPSHOT SET DELTA = -0.4193410634098719, GAMMA = 0.0744299171195...]
2025-10-24 22:25:55,152 - query execution done
2025-10-24 22:25:55,154 - query: [UPDATE OPTIONS_SNAPSHOT SET DELTA = -0.6092449760496929, GAMMA = 0.0744458064505...]
2025-10-24 22:25:55,771 - query execution done
2025-10-24 22:25:55,772 - query: [UPDATE OPTIONS_SNAPSHOT SET DELTA = -0.7676438376796416, GAMMA = 0.0572503068930...]
2025-10-24 22:25:56,362 - query execution done
2025-10-24 22:25:56,364 - query: [UPDATE OPTIONS_SNAPSHOT SET DELTA = -0.8013285664634653, GAMMA = 0.0374755725547...]
2025-10-24 22:25:56,916 - query execution done
2025-10-24 22:25:56,918 - query: [UPDATE OPTIONS_SNAPSHOT SET DELTA = -0.8931709225834837, GAMMA = 0.0262095230936...]
2025-10-24 22:25:58,002 - query execution done
2025-10-24 22:25:58,004 - query: [UPDATE OPTIONS_SNAPSHOT SET DELTA = -0.8853210815597419, GAMMA = 0.0210315099033...]
2025-10-24 22:25:58,613 - query execution done
2025-10-24 22:25:58,616 - query: [UPDATE OPTIONS_SNAPSHOT SET DELTA = -0.8915142018110493, GAMMA = 0.0171658073516...]
2025-10-24 22:25:59,173 - query execution done
2025-10-24 22:25:59,175 - query: [UPDATE OPTIONS_SNAPSHOT SET DELTA = -0.9013241861662596, GAMMA = 0.0142783655270...]
2025-10-24 22:25:59,749 - query execution done
2025-10-24 22:25:59,751 - query: [UPDATE OPTIONS_SNAPSHOT SET DELTA = -0.909167779482198, GAMMA = 0.01215485308234...]
2025-10-24 22:26:00,286 - query execution done
2025-10-24 22:26:00,287 - query: [UPDATE OPTIONS_SNAPSHOT SET DELTA = -0.9205009890539928, GAMMA = 0.0102985402073...]
2025-10-24 22:26:00,822 - query execution done
2025-10-24 22:26:00,824 - query: [UPDATE OPTIONS_SNAPSHOT SET DELTA = -0.925524273170432, GAMMA = 0.00824536708469...]
2025-10-24 22:26:01,483 - query execution done
2025-10-24 22:26:01,485 - query: [UPDATE OPTIONS_SNAPSHOT SET DELTA = -0.6412274252725236, GAMMA = 0.0060530816319...]
2025-10-24 22:26:02,096 - query execution done
2025-10-24 22:26:02,099 - query: [UPDATE OPTIONS_SNAPSHOT SET DELTA = -0.9939739085392099, GAMMA = 0.0012688586235...]
2025-10-24 22:26:02,661 - query execution done
2025-10-24 22:26:02,663 - query: [UPDATE OPTIONS_SNAPSHOT SET DELTA = -0.9999686904710499, GAMMA = 1.3839244672820...]
2025-10-24 22:26:03,325 - query execution done
2025-10-24 22:26:03,327 - query: [UPDATE OPTIONS_SNAPSHOT SET DELTA = -0.9957648611596233, GAMMA = 0.0006517220129...]
2025-10-24 22:26:03,836 - query execution done
2025-10-24 22:26:03,838 - query: [UPDATE OPTIONS_SNAPSHOT SET DELTA = -0.7067227480174474, GAMMA = 0.0041065691205...]
2025-10-24 22:26:04,562 - query execution done
2025-10-24 22:26:04,564 - query: [UPDATE OPTIONS_SNAPSHOT SET DELTA = 0.9885959155541951, GAMMA = 0.00040149161349...]
2025-10-24 22:26:05,158 - query execution done
2025-10-24 22:26:05,160 - query: [UPDATE OPTIONS_SNAPSHOT SET DELTA = 0.9866108224933412, GAMMA = 0.00050788130656...]
2025-10-24 22:26:05,819 - query execution done
2025-10-24 22:26:05,821 - query: [UPDATE OPTIONS_SNAPSHOT SET DELTA = 0.9858816647728443, GAMMA = 0.00056195751647...]
2025-10-24 22:26:06,263 - query execution done
2025-10-24 22:26:06,265 - query: [UPDATE OPTIONS_SNAPSHOT SET DELTA = 0.9833358928616577, GAMMA = 0.00077292042438...]
2025-10-24 22:26:06,847 - query execution done
2025-10-24 22:26:06,850 - query: [UPDATE OPTIONS_SNAPSHOT SET DELTA = 0.9813703714579954, GAMMA = 0.00089506833130...]
2025-10-24 22:26:07,367 - query execution done
2025-10-24 22:26:07,368 - query: [UPDATE OPTIONS_SNAPSHOT SET DELTA = 0.9792823257434874, GAMMA = 0.00103514007283...]
2025-10-24 22:26:07,852 - query execution done
2025-10-24 22:26:07,853 - query: [UPDATE OPTIONS_SNAPSHOT SET DELTA = 0.9768997725142056, GAMMA = 0.00120202402514...]
2025-10-24 22:26:08,547 - query execution done
2025-10-24 22:26:08,549 - query: [UPDATE OPTIONS_SNAPSHOT SET DELTA = 0.9763931555462503, GAMMA = 0.00132830524608...]
2025-10-24 22:26:09,162 - query execution done
2025-10-24 22:26:09,164 - query: [UPDATE OPTIONS_SNAPSHOT SET DELTA = 0.9725187526506293, GAMMA = 0.00159449322123...]
2025-10-24 22:26:09,851 - query execution done
2025-10-24 22:26:09,853 - query: [UPDATE OPTIONS_SNAPSHOT SET DELTA = 0.9704317141709883, GAMMA = 0.00183482797840...]
2025-10-24 22:26:10,493 - query execution done
2025-10-24 22:26:10,494 - query: [UPDATE OPTIONS_SNAPSHOT SET DELTA = 0.9680761572459883, GAMMA = 0.00212890668233...]
2025-10-24 22:26:11,114 - query execution done
2025-10-24 22:26:11,244 - query: [UPDATE OPTIONS_SNAPSHOT SET DELTA = 0.9640130052389528, GAMMA = 0.00254903981968...]
2025-10-24 22:26:11,880 - query execution done
2025-10-24 22:26:11,882 - query: [UPDATE OPTIONS_SNAPSHOT SET DELTA = 0.9564813205443254, GAMMA = 0.00319118760028...]
2025-10-24 22:26:12,497 - query execution done
2025-10-24 22:26:12,499 - query: [UPDATE OPTIONS_SNAPSHOT SET DELTA = 0.9507216653616044, GAMMA = 0.00389442982157...]
2025-10-24 22:26:13,159 - query execution done
2025-10-24 22:26:13,161 - query: [UPDATE OPTIONS_SNAPSHOT SET DELTA = 0.9391272305677197, GAMMA = 0.00500795164014...]
2025-10-24 22:26:13,791 - query execution done
2025-10-24 22:26:13,793 - query: [UPDATE OPTIONS_SNAPSHOT SET DELTA = 0.9325020249860058, GAMMA = 0.00569410078821...]
2025-10-24 22:26:14,293 - query execution done
2025-10-24 22:26:14,294 - query: [UPDATE OPTIONS_SNAPSHOT SET DELTA = 0.9071706688689352, GAMMA = 0.00697584032223...]
2025-10-24 22:26:14,952 - query execution done
2025-10-24 22:26:14,954 - query: [UPDATE OPTIONS_SNAPSHOT SET DELTA = 0.9068673221593262, GAMMA = 0.00771472397417...]
2025-10-24 22:26:15,694 - query execution done
2025-10-24 22:26:15,696 - query: [UPDATE OPTIONS_SNAPSHOT SET DELTA = 0.8976602780731753, GAMMA = 0.00882147479493...]
2025-10-24 22:26:16,272 - query execution done
2025-10-24 22:26:16,274 - query: [UPDATE OPTIONS_SNAPSHOT SET DELTA = 0.8398288620795373, GAMMA = 0.01043472710369...]
2025-10-24 22:26:16,945 - query execution done
2025-10-24 22:26:16,946 - query: [UPDATE OPTIONS_SNAPSHOT SET DELTA = 0.8606710001278808, GAMMA = 0.01196075488485...]
2025-10-24 22:26:17,454 - query execution done
2025-10-24 22:26:17,454 -    400 contracts updated...
2025-10-24 22:26:17,455 - query: [COMMIT]
2025-10-24 22:26:17,622 - query execution done
2025-10-24 22:26:17,623 - Number of results in first chunk: 1
2025-10-24 22:26:17,624 - query: [UPDATE OPTIONS_SNAPSHOT SET DELTA = 0.83057593475101, GAMMA = 0.0138878272611226...]
2025-10-24 22:26:18,438 - query execution done
2025-10-24 22:26:18,440 - query: [UPDATE OPTIONS_SNAPSHOT SET DELTA = 0.7988287831551836, GAMMA = 0.01601053830926...]
2025-10-24 22:26:19,201 - query execution done
2025-10-24 22:26:19,205 - query: [UPDATE OPTIONS_SNAPSHOT SET DELTA = 0.7643073862696856, GAMMA = 0.01845266854928...]
2025-10-24 22:26:19,836 - query execution done
2025-10-24 22:26:19,838 - query: [UPDATE OPTIONS_SNAPSHOT SET DELTA = 0.7174000955491177, GAMMA = 0.02070118291346...]
2025-10-24 22:26:20,401 - query execution done
2025-10-24 22:26:20,403 - query: [UPDATE OPTIONS_SNAPSHOT SET DELTA = 0.6640719774829646, GAMMA = 0.02270024019481...]
2025-10-24 22:26:20,937 - query execution done
2025-10-24 22:26:20,939 - query: [UPDATE OPTIONS_SNAPSHOT SET DELTA = 0.6056904453886277, GAMMA = 0.02430673222770...]
2025-10-24 22:26:21,552 - query execution done
2025-10-24 22:26:21,553 - query: [UPDATE OPTIONS_SNAPSHOT SET DELTA = 0.543618839647002, GAMMA = 0.025411182810595...]
2025-10-24 22:26:22,372 - query execution done
2025-10-24 22:26:22,373 - query: [UPDATE OPTIONS_SNAPSHOT SET DELTA = 0.47916873320623665, GAMMA = 0.0259410305143...]
2025-10-24 22:26:23,255 - query execution done
2025-10-24 22:26:23,257 - query: [UPDATE OPTIONS_SNAPSHOT SET DELTA = 0.41448166442313306, GAMMA = 0.0256336442011...]
2025-10-24 22:26:23,805 - query execution done
2025-10-24 22:26:23,807 - query: [UPDATE OPTIONS_SNAPSHOT SET DELTA = 0.3511634165437506, GAMMA = 0.02467224101326...]
2025-10-24 22:26:24,398 - query execution done
2025-10-24 22:26:24,400 - query: [UPDATE OPTIONS_SNAPSHOT SET DELTA = 0.29321000960196314, GAMMA = 0.0229056705914...]
2025-10-24 22:26:24,934 - query execution done
2025-10-24 22:26:24,936 - query: [UPDATE OPTIONS_SNAPSHOT SET DELTA = 0.23624925747452402, GAMMA = 0.0209041528625...]
2025-10-24 22:26:25,548 - query execution done
2025-10-24 22:26:25,549 - query: [UPDATE OPTIONS_SNAPSHOT SET DELTA = 0.18857928726202627, GAMMA = 0.0183826188385...]
2025-10-24 22:26:26,173 - query execution done
2025-10-24 22:26:26,175 - query: [UPDATE OPTIONS_SNAPSHOT SET DELTA = 0.14846682273639916, GAMMA = 0.0157485065357...]
2025-10-24 22:26:26,689 - query execution done
2025-10-24 22:26:26,691 - query: [UPDATE OPTIONS_SNAPSHOT SET DELTA = 0.11548336655549984, GAMMA = 0.0131956928718...]
2025-10-24 22:26:27,386 - query execution done
2025-10-24 22:26:27,391 - query: [UPDATE OPTIONS_SNAPSHOT SET DELTA = 0.08967462456038583, GAMMA = 0.0108823571852...]
2025-10-24 22:26:28,003 - query execution done
2025-10-24 22:26:28,006 - query: [UPDATE OPTIONS_SNAPSHOT SET DELTA = 0.06920283727743078, GAMMA = 0.0088543788243...]
2025-10-24 22:26:28,619 - query execution done
2025-10-24 22:26:28,621 - query: [UPDATE OPTIONS_SNAPSHOT SET DELTA = 0.053209281582776165, GAMMA = 0.007129619458...]
2025-10-24 22:26:29,200 - query execution done
2025-10-24 22:26:29,202 - query: [UPDATE OPTIONS_SNAPSHOT SET DELTA = 0.03160313619511895, GAMMA = 0.0045492442149...]
2025-10-24 22:26:29,868 - query execution done
2025-10-24 22:26:29,870 - query: [UPDATE OPTIONS_SNAPSHOT SET DELTA = 0.01970397393205512, GAMMA = 0.0029493805810...]
2025-10-24 22:26:30,462 - query execution done
2025-10-24 22:26:30,464 - query: [UPDATE OPTIONS_SNAPSHOT SET DELTA = 0.012793472946112487, GAMMA = 0.001955430949...]
2025-10-24 22:26:31,179 - query execution done
2025-10-24 22:26:31,182 - query: [UPDATE OPTIONS_SNAPSHOT SET DELTA = 0.009134804834467035, GAMMA = 0.001386886682...]
2025-10-24 22:26:31,792 - query execution done
2025-10-24 22:26:31,794 - query: [UPDATE OPTIONS_SNAPSHOT SET DELTA = 0.006924204709619857, GAMMA = 0.001031742445...]
2025-10-24 22:26:32,410 - query execution done
2025-10-24 22:26:32,412 - query: [UPDATE OPTIONS_SNAPSHOT SET DELTA = 0.005082076814195037, GAMMA = 0.000752378466...]
2025-10-24 22:26:32,965 - query execution done
2025-10-24 22:26:32,966 - query: [UPDATE OPTIONS_SNAPSHOT SET DELTA = 0.003354587022144355, GAMMA = 0.000506477450...]
2025-10-24 22:26:33,586 - query execution done
2025-10-24 22:26:33,588 - query: [UPDATE OPTIONS_SNAPSHOT SET DELTA = 0.002575667441052431, GAMMA = 0.000383911444...]
2025-10-24 22:26:34,250 - query execution done
2025-10-24 22:26:34,251 - query: [UPDATE OPTIONS_SNAPSHOT SET DELTA = 0.0017573841329946668, GAMMA = 0.00026535925...]
2025-10-24 22:26:34,803 - query execution done
2025-10-24 22:26:34,805 - query: [UPDATE OPTIONS_SNAPSHOT SET DELTA = -0.0002510830795194874, GAMMA = 1.4209277870...]
2025-10-24 22:26:35,479 - query execution done
2025-10-24 22:26:35,481 - query: [UPDATE OPTIONS_SNAPSHOT SET DELTA = 0.0, GAMMA = 2.149313906761061e-23, THETA = ...]
2025-10-24 22:26:36,180 - query execution done
2025-10-24 22:26:36,183 - query: [UPDATE OPTIONS_SNAPSHOT SET DELTA = -0.00033089186240320423, GAMMA = 2.123108051...]
2025-10-24 22:26:36,798 - query execution done
2025-10-24 22:26:36,800 - query: [UPDATE OPTIONS_SNAPSHOT SET DELTA = -0.0002880737886415963, GAMMA = 1.9995699502...]
2025-10-24 22:26:37,354 - query execution done
2025-10-24 22:26:37,356 - query: [UPDATE OPTIONS_SNAPSHOT SET DELTA = -0.0003219710834060363, GAMMA = 2.3285535806...]
2025-10-24 22:26:37,900 - query execution done
2025-10-24 22:26:37,903 - query: [UPDATE OPTIONS_SNAPSHOT SET DELTA = -0.00035344684780436175, GAMMA = 2.673131916...]
2025-10-24 22:26:38,448 - query execution done
2025-10-24 22:26:38,450 - query: [UPDATE OPTIONS_SNAPSHOT SET DELTA = -0.0003808889697696216, GAMMA = 3.0245824170...]
2025-10-24 22:26:39,183 - query execution done
2025-10-24 22:26:39,185 - query: [UPDATE OPTIONS_SNAPSHOT SET DELTA = -0.00040254246699156226, GAMMA = 3.371155052...]
2025-10-24 22:26:39,722 - query execution done
2025-10-24 22:26:39,723 - query: [UPDATE OPTIONS_SNAPSHOT SET DELTA = -0.0040562022449125434, GAMMA = 0.0002307008...]
2025-10-24 22:26:40,362 - query execution done
2025-10-24 22:26:40,364 - query: [UPDATE OPTIONS_SNAPSHOT SET DELTA = -0.0007811370058021794, GAMMA = 6.6633491710...]
2025-10-24 22:26:41,007 - query execution done
2025-10-24 22:26:41,009 - query: [UPDATE OPTIONS_SNAPSHOT SET DELTA = -0.00041459790112130523, GAMMA = 4.207181533...]
2025-10-24 22:26:41,623 - query execution done
2025-10-24 22:26:41,625 - query: [UPDATE OPTIONS_SNAPSHOT SET DELTA = -0.0008872486916954303, GAMMA = 8.4951861381...]
2025-10-24 22:26:42,199 - query execution done
2025-10-24 22:26:42,201 - query: [UPDATE OPTIONS_SNAPSHOT SET DELTA = -0.0010630693981490413, GAMMA = 0.0001059677...]
2025-10-24 22:26:42,750 - query execution done
2025-10-24 22:26:42,752 - query: [UPDATE OPTIONS_SNAPSHOT SET DELTA = -0.001979888285989828, GAMMA = 0.00018870586...]
2025-10-24 22:26:43,363 - query execution done
2025-10-24 22:26:43,365 - query: [UPDATE OPTIONS_SNAPSHOT SET DELTA = -0.001658969892019968, GAMMA = 0.00017758376...]
2025-10-24 22:26:43,876 - query execution done
2025-10-24 22:26:43,878 - query: [UPDATE OPTIONS_SNAPSHOT SET DELTA = -0.0026162031107068717, GAMMA = 0.0002772137...]
2025-10-24 22:26:44,489 - query execution done
2025-10-24 22:26:44,492 - query: [UPDATE OPTIONS_SNAPSHOT SET DELTA = -0.002852433716273639, GAMMA = 0.00032439435...]
2025-10-24 22:26:45,014 - query execution done
2025-10-24 22:26:45,016 - query: [UPDATE OPTIONS_SNAPSHOT SET DELTA = -0.00452731606880552, GAMMA = 0.000509027470...]
2025-10-24 22:26:45,619 - query execution done
2025-10-24 22:26:45,622 - query: [UPDATE OPTIONS_SNAPSHOT SET DELTA = -0.005486773249478549, GAMMA = 0.00065177418...]
2025-10-24 22:26:46,249 - query execution done
2025-10-24 22:26:46,251 - query: [UPDATE OPTIONS_SNAPSHOT SET DELTA = -0.008042425773987616, GAMMA = 0.00096465959...]
2025-10-24 22:26:46,803 - query execution done
2025-10-24 22:26:46,806 - query: [UPDATE OPTIONS_SNAPSHOT SET DELTA = -0.011375641986844154, GAMMA = 0.00139326049...]
2025-10-24 22:26:47,459 - query execution done
2025-10-24 22:26:47,461 - query: [UPDATE OPTIONS_SNAPSHOT SET DELTA = -0.01869614736995362, GAMMA = 0.002227122912...]
2025-10-24 22:26:48,090 - query execution done
2025-10-24 22:26:48,092 - query: [UPDATE OPTIONS_SNAPSHOT SET DELTA = -0.027944788117093666, GAMMA = 0.00333019364...]
2025-10-24 22:26:48,751 - query execution done
2025-10-24 22:26:48,751 -    450 contracts updated...
2025-10-24 22:26:48,751 - query: [COMMIT]
2025-10-24 22:26:48,890 - query execution done
2025-10-24 22:26:48,890 - Number of results in first chunk: 1
2025-10-24 22:26:48,891 - query: [UPDATE OPTIONS_SNAPSHOT SET DELTA = -0.03443181151417918, GAMMA = 0.004088443174...]
2025-10-24 22:26:49,454 - query execution done
2025-10-24 22:26:49,456 - query: [UPDATE OPTIONS_SNAPSHOT SET DELTA = -0.043172210228953345, GAMMA = 0.00506121638...]
2025-10-24 22:26:50,074 - query execution done
2025-10-24 22:26:50,076 - query: [UPDATE OPTIONS_SNAPSHOT SET DELTA = -0.05507436661581677, GAMMA = 0.006299988071...]
2025-10-24 22:26:50,644 - query execution done
2025-10-24 22:26:50,646 - query: [UPDATE OPTIONS_SNAPSHOT SET DELTA = -0.07085785608481288, GAMMA = 0.007825292994...]
2025-10-24 22:26:51,454 - query execution done
2025-10-24 22:26:51,455 - query: [UPDATE OPTIONS_SNAPSHOT SET DELTA = -0.08831166874073648, GAMMA = 0.009539588620...]
2025-10-24 22:26:52,067 - query execution done
2025-10-24 22:26:52,069 - query: [UPDATE OPTIONS_SNAPSHOT SET DELTA = -0.1128212139253113, GAMMA = 0.0116274076884...]
2025-10-24 22:26:52,635 - query execution done
2025-10-24 22:26:52,636 - query: [UPDATE OPTIONS_SNAPSHOT SET DELTA = -0.14239695258864704, GAMMA = 0.013958089359...]
2025-10-24 22:26:53,204 - query execution done
2025-10-24 22:26:53,205 - query: [UPDATE OPTIONS_SNAPSHOT SET DELTA = -0.17919636624621704, GAMMA = 0.016474449323...]
2025-10-24 22:26:53,798 - query execution done
2025-10-24 22:26:53,800 - query: [UPDATE OPTIONS_SNAPSHOT SET DELTA = -0.2219754409960677, GAMMA = 0.0190709418331...]
2025-10-24 22:26:54,376 - query execution done
2025-10-24 22:26:54,378 - query: [UPDATE OPTIONS_SNAPSHOT SET DELTA = -0.27271491479644727, GAMMA = 0.021512124396...]
2025-10-24 22:26:54,934 - query execution done
2025-10-24 22:26:54,936 - query: [UPDATE OPTIONS_SNAPSHOT SET DELTA = -0.3275856188633276, GAMMA = 0.0238964344488...]
2025-10-24 22:26:55,549 - query execution done
2025-10-24 22:26:55,551 - query: [UPDATE OPTIONS_SNAPSHOT SET DELTA = -0.3909180910537865, GAMMA = 0.0252764764261...]
2025-10-24 22:26:56,364 - query execution done
2025-10-24 22:26:56,366 - query: [UPDATE OPTIONS_SNAPSHOT SET DELTA = -0.4553633795081361, GAMMA = 0.0266919111609...]
2025-10-24 22:26:56,983 - query execution done
2025-10-24 22:26:56,985 - query: [UPDATE OPTIONS_SNAPSHOT SET DELTA = -0.5223313672389137, GAMMA = 0.0268181234438...]
2025-10-24 22:26:57,801 - query execution done
2025-10-24 22:26:57,803 - query: [UPDATE OPTIONS_SNAPSHOT SET DELTA = -0.5902288439859487, GAMMA = 0.0266956118114...]
2025-10-24 22:26:58,402 - query execution done
2025-10-24 22:26:58,404 - query: [UPDATE OPTIONS_SNAPSHOT SET DELTA = -0.6339836748161793, GAMMA = 0.0227848273768...]
2025-10-24 22:26:58,947 - query execution done
2025-10-24 22:26:58,950 - query: [UPDATE OPTIONS_SNAPSHOT SET DELTA = -0.686898315219622, GAMMA = 0.02136828426544...]
2025-10-24 22:26:59,544 - query execution done
2025-10-24 22:26:59,545 - query: [UPDATE OPTIONS_SNAPSHOT SET DELTA = -0.76487866813443, GAMMA = 0.020947592549367...]
2025-10-24 22:27:00,159 - query execution done
2025-10-24 22:27:00,161 - query: [UPDATE OPTIONS_SNAPSHOT SET DELTA = -0.8522204314714108, GAMMA = 0.0157421166953...]
2025-10-24 22:27:00,875 - query execution done
2025-10-24 22:27:00,877 - query: [UPDATE OPTIONS_SNAPSHOT SET DELTA = -0.9082124144185875, GAMMA = 0.0109698336400...]
2025-10-24 22:27:01,386 - query execution done
2025-10-24 22:27:01,388 - query: [UPDATE OPTIONS_SNAPSHOT SET DELTA = -0.8959071905315299, GAMMA = 0.0093715197183...]
2025-10-24 22:27:01,999 - query execution done
2025-10-24 22:27:02,000 - query: [UPDATE OPTIONS_SNAPSHOT SET DELTA = -0.9233968103005715, GAMMA = 0.0071591071215...]
2025-10-24 22:27:02,718 - query execution done
2025-10-24 22:27:02,720 - query: [UPDATE OPTIONS_SNAPSHOT SET DELTA = -0.9263957888177554, GAMMA = 0.0061471864813...]
2025-10-24 22:27:03,229 - query execution done
2025-10-24 22:27:03,231 - query: [UPDATE OPTIONS_SNAPSHOT SET DELTA = -0.9351518673028056, GAMMA = 0.0051715316208...]
2025-10-24 22:27:03,854 - query execution done
2025-10-24 22:27:03,856 - query: [UPDATE OPTIONS_SNAPSHOT SET DELTA = -0.9430372166095025, GAMMA = 0.0040049100744...]
2025-10-24 22:27:04,560 - query execution done
2025-10-24 22:27:04,561 - query: [UPDATE OPTIONS_SNAPSHOT SET DELTA = -0.9405440976448841, GAMMA = 0.0037680610588...]
2025-10-24 22:27:05,278 - query execution done
2025-10-24 22:27:05,280 - query: [UPDATE OPTIONS_SNAPSHOT SET DELTA = 0.9901740825178726, GAMMA = 0.00025289558215...]
2025-10-24 22:27:05,969 - query execution done
2025-10-24 22:27:05,970 - query: [UPDATE OPTIONS_SNAPSHOT SET DELTA = 0.9891460501800775, GAMMA = 0.00030432713845...]
2025-10-24 22:27:06,609 - query execution done
2025-10-24 22:27:06,612 - query: [UPDATE OPTIONS_SNAPSHOT SET DELTA = 0.985556816895912, GAMMA = 0.000469039078754...]
2025-10-24 22:27:07,160 - query execution done
2025-10-24 22:27:07,161 - query: [UPDATE OPTIONS_SNAPSHOT SET DELTA = 0.984190289990595, GAMMA = 0.000529854343254...]
2025-10-24 22:27:07,782 - query execution done
2025-10-24 22:27:07,784 - query: [UPDATE OPTIONS_SNAPSHOT SET DELTA = 0.9820782547140948, GAMMA = 0.00061233672657...]
2025-10-24 22:27:08,375 - query execution done
2025-10-24 22:27:08,376 - query: [UPDATE OPTIONS_SNAPSHOT SET DELTA = 0.9800967755823226, GAMMA = 0.00074825109154...]
2025-10-24 22:27:08,968 - query execution done
2025-10-24 22:27:08,970 - query: [UPDATE OPTIONS_SNAPSHOT SET DELTA = 0.9775327697701779, GAMMA = 0.00086483553784...]
2025-10-24 22:27:09,577 - query execution done
2025-10-24 22:27:09,579 - query: [UPDATE OPTIONS_SNAPSHOT SET DELTA = 0.9770247391095734, GAMMA = 0.00094299777133...]
2025-10-24 22:27:10,295 - query execution done
2025-10-24 22:27:10,297 - query: [UPDATE OPTIONS_SNAPSHOT SET DELTA = 0.974865294759265, GAMMA = 0.001073424658494...]
2025-10-24 22:27:10,910 - query execution done
2025-10-24 22:27:10,911 - query: [UPDATE OPTIONS_SNAPSHOT SET DELTA = 0.9674248546544868, GAMMA = 0.00146479139009...]
2025-10-24 22:27:11,626 - query execution done
2025-10-24 22:27:11,627 - query: [UPDATE OPTIONS_SNAPSHOT SET DELTA = 0.9679056268811368, GAMMA = 0.00158505035952...]
2025-10-24 22:27:12,242 - query execution done
2025-10-24 22:27:12,244 - query: [UPDATE OPTIONS_SNAPSHOT SET DELTA = 0.963806296944011, GAMMA = 0.001856703597340...]
2025-10-24 22:27:12,864 - query execution done
2025-10-24 22:27:13,021 - query: [UPDATE OPTIONS_SNAPSHOT SET DELTA = 0.9611913938252905, GAMMA = 0.00212572796009...]
2025-10-24 22:27:13,491 - query execution done
2025-10-24 22:27:13,493 - query: [UPDATE OPTIONS_SNAPSHOT SET DELTA = 0.9582076712197857, GAMMA = 0.00245426807969...]
2025-10-24 22:27:14,019 - query execution done
2025-10-24 22:27:14,021 - query: [UPDATE OPTIONS_SNAPSHOT SET DELTA = 0.9503212574764814, GAMMA = 0.00299645755389...]
2025-10-24 22:27:14,585 - query execution done
2025-10-24 22:27:14,590 - query: [UPDATE OPTIONS_SNAPSHOT SET DELTA = 0.9425547978420314, GAMMA = 0.00362790879775...]
2025-10-24 22:27:15,335 - query execution done
2025-10-24 22:27:15,337 - query: [UPDATE OPTIONS_SNAPSHOT SET DELTA = 0.9323549527039363, GAMMA = 0.00445889100037...]
2025-10-24 22:27:15,998 - query execution done
2025-10-24 22:27:16,000 - query: [UPDATE OPTIONS_SNAPSHOT SET DELTA = 0.8786169872538413, GAMMA = 0.00613040342748...]
2025-10-24 22:27:16,557 - query execution done
2025-10-24 22:27:16,559 - query: [UPDATE OPTIONS_SNAPSHOT SET DELTA = 0.8924461064660233, GAMMA = 0.00718203668046...]
2025-10-24 22:27:17,103 - query execution done
2025-10-24 22:27:17,105 - query: [UPDATE OPTIONS_SNAPSHOT SET DELTA = 0.8697178764854998, GAMMA = 0.00911960892295...]
2025-10-24 22:27:17,612 - query execution done
2025-10-24 22:27:17,615 - query: [UPDATE OPTIONS_SNAPSHOT SET DELTA = 0.8290751508588672, GAMMA = 0.01174183658760...]
2025-10-24 22:27:18,171 - query execution done
2025-10-24 22:27:18,172 - query: [UPDATE OPTIONS_SNAPSHOT SET DELTA = 0.7724104428042742, GAMMA = 0.01491440256007...]
2025-10-24 22:27:18,898 - query execution done
2025-10-24 22:27:18,902 - query: [UPDATE OPTIONS_SNAPSHOT SET DELTA = 0.694264258659381, GAMMA = 0.018130043848474...]
2025-10-24 22:27:19,545 - query execution done
2025-10-24 22:27:19,547 - query: [UPDATE OPTIONS_SNAPSHOT SET DELTA = 0.5985071516010061, GAMMA = 0.02071637066270...]
2025-10-24 22:27:20,127 - query execution done
2025-10-24 22:27:20,128 -    500 contracts updated...
2025-10-24 22:27:20,128 - query: [COMMIT]
2025-10-24 22:27:20,281 - query execution done
2025-10-24 22:27:20,282 - Number of results in first chunk: 1
2025-10-24 22:27:20,284 - query: [UPDATE OPTIONS_SNAPSHOT SET DELTA = 0.4911842876944555, GAMMA = 0.02201250293177...]
2025-10-24 22:27:20,909 - query execution done
2025-10-24 22:27:20,910 - query: [UPDATE OPTIONS_SNAPSHOT SET DELTA = 0.38124963313153487, GAMMA = 0.0215215317193...]
2025-10-24 22:27:21,548 - query execution done
2025-10-24 22:27:21,549 - query: [UPDATE OPTIONS_SNAPSHOT SET DELTA = 0.28085181182411434, GAMMA = 0.0191935526140...]
2025-10-24 22:27:22,117 - query execution done
2025-10-24 22:27:22,119 - query: [UPDATE OPTIONS_SNAPSHOT SET DELTA = 0.1945803424942481, GAMMA = 0.01586160097968...]
2025-10-24 22:27:22,669 - query execution done
2025-10-24 22:27:22,671 - query: [UPDATE OPTIONS_SNAPSHOT SET DELTA = 0.12936385956526603, GAMMA = 0.0121448673362...]
2025-10-24 22:27:23,403 - query execution done
2025-10-24 22:27:23,404 - query: [UPDATE OPTIONS_SNAPSHOT SET DELTA = 0.08518425956056064, GAMMA = 0.0088439024723...]
2025-10-24 22:27:24,010 - query execution done
2025-10-24 22:27:24,012 - query: [UPDATE OPTIONS_SNAPSHOT SET DELTA = 0.054957647766266056, GAMMA = 0.006205902901...]
2025-10-24 22:27:24,579 - query execution done
2025-10-24 22:27:24,582 - query: [UPDATE OPTIONS_SNAPSHOT SET DELTA = 0.03606103289726243, GAMMA = 0.0043121251415...]
2025-10-24 22:27:25,246 - query execution done
2025-10-24 22:27:25,248 - query: [UPDATE OPTIONS_SNAPSHOT SET DELTA = 0.023434336890086838, GAMMA = 0.002946588910...]
2025-10-24 22:27:25,854 - query execution done
2025-10-24 22:27:25,856 - query: [UPDATE OPTIONS_SNAPSHOT SET DELTA = 0.016049720759261876, GAMMA = 0.002069427103...]
2025-10-24 22:27:26,472 - query execution done
2025-10-24 22:27:26,474 - query: [UPDATE OPTIONS_SNAPSHOT SET DELTA = 0.01122305471152283, GAMMA = 0.0014714565428...]
2025-10-24 22:27:27,192 - query execution done
2025-10-24 22:27:27,195 - query: [UPDATE OPTIONS_SNAPSHOT SET DELTA = 0.00810735406248763, GAMMA = 0.0010706251505...]
2025-10-24 22:27:27,718 - query execution done
2025-10-24 22:27:27,719 - query: [UPDATE OPTIONS_SNAPSHOT SET DELTA = 0.006291737577958501, GAMMA = 0.000822493454...]
2025-10-24 22:27:28,323 - query execution done
2025-10-24 22:27:28,327 - query: [UPDATE OPTIONS_SNAPSHOT SET DELTA = 0.004631724914548173, GAMMA = 0.000608543716...]
2025-10-24 22:27:29,013 - query execution done
2025-10-24 22:27:29,015 - query: [UPDATE OPTIONS_SNAPSHOT SET DELTA = 0.0044909328036943415, GAMMA = 0.00055749269...]
2025-10-24 22:27:29,626 - query execution done
2025-10-24 22:27:29,627 - query: [UPDATE OPTIONS_SNAPSHOT SET DELTA = -0.0034878822075544713, GAMMA = 0.0001197294...]
2025-10-24 22:27:30,467 - query execution done
2025-10-24 22:27:30,468 - query: [UPDATE OPTIONS_SNAPSHOT SET DELTA = -0.0007639590276886654, GAMMA = 4.2590177039...]
2025-10-24 22:27:31,188 - query execution done
2025-10-24 22:27:31,192 - query: [UPDATE OPTIONS_SNAPSHOT SET DELTA = -0.0005984665813041357, GAMMA = 3.9088602360...]
2025-10-24 22:27:31,800 - query execution done
2025-10-24 22:27:31,802 - query: [UPDATE OPTIONS_SNAPSHOT SET DELTA = -0.004901856202008337, GAMMA = 0.00021964298...]
2025-10-24 22:27:32,357 - query execution done
2025-10-24 22:27:32,358 - query: [UPDATE OPTIONS_SNAPSHOT SET DELTA = -0.0006792196718897747, GAMMA = 4.8943376467...]
2025-10-24 22:27:33,022 - query execution done
2025-10-24 22:27:33,023 - query: [UPDATE OPTIONS_SNAPSHOT SET DELTA = -0.0007381400758901258, GAMMA = 5.5780653074...]
2025-10-24 22:27:33,578 - query execution done
2025-10-24 22:27:33,580 - query: [UPDATE OPTIONS_SNAPSHOT SET DELTA = -0.0011561729374879315, GAMMA = 8.5832050232...]
2025-10-24 22:27:34,152 - query execution done
2025-10-24 22:27:34,153 - query: [UPDATE OPTIONS_SNAPSHOT SET DELTA = -0.0011275798369756451, GAMMA = 8.9816736748...]
2025-10-24 22:27:34,662 - query execution done
2025-10-24 22:27:34,663 - query: [UPDATE OPTIONS_SNAPSHOT SET DELTA = -0.0011866929480123245, GAMMA = 0.0001001920...]
2025-10-24 22:27:35,348 - query execution done
2025-10-24 22:27:35,350 - query: [UPDATE OPTIONS_SNAPSHOT SET DELTA = -0.002039137995384799, GAMMA = 0.00016591019...]
2025-10-24 22:27:35,961 - query execution done
2025-10-24 22:27:35,962 - query: [UPDATE OPTIONS_SNAPSHOT SET DELTA = -0.0021437776940960163, GAMMA = 0.0001857283...]
2025-10-24 22:27:36,516 - query execution done
2025-10-24 22:27:36,517 - query: [UPDATE OPTIONS_SNAPSHOT SET DELTA = -0.003007784332256569, GAMMA = 0.00026135818...]
2025-10-24 22:27:37,031 - query execution done
2025-10-24 22:27:37,033 - query: [UPDATE OPTIONS_SNAPSHOT SET DELTA = -0.004008956668975161, GAMMA = 0.00035320789...]
2025-10-24 22:27:37,982 - query execution done
2025-10-24 22:27:37,984 - query: [UPDATE OPTIONS_SNAPSHOT SET DELTA = -0.004979570192296556, GAMMA = 0.00045288406...]
2025-10-24 22:27:38,587 - query execution done
2025-10-24 22:27:38,589 - query: [UPDATE OPTIONS_SNAPSHOT SET DELTA = -0.006957465029020171, GAMMA = 0.00063457927...]
2025-10-24 22:27:39,165 - query execution done
2025-10-24 22:27:39,166 - query: [UPDATE OPTIONS_SNAPSHOT SET DELTA = -0.00859655990394248, GAMMA = 0.000813707958...]
2025-10-24 22:27:39,752 - query execution done
2025-10-24 22:27:39,753 - query: [UPDATE OPTIONS_SNAPSHOT SET DELTA = -0.011299322461303607, GAMMA = 0.00109352571...]
2025-10-24 22:27:40,342 - query execution done
2025-10-24 22:27:40,343 - query: [UPDATE OPTIONS_SNAPSHOT SET DELTA = -0.015935846396130104, GAMMA = 0.00154368836...]
2025-10-24 22:27:40,861 - query execution done
2025-10-24 22:27:40,864 - query: [UPDATE OPTIONS_SNAPSHOT SET DELTA = -0.021433263131964586, GAMMA = 0.00211207914...]
2025-10-24 22:27:41,457 - query execution done
2025-10-24 22:27:41,459 - query: [UPDATE OPTIONS_SNAPSHOT SET DELTA = -0.03063761550590638, GAMMA = 0.003001688106...]
2025-10-24 22:27:42,025 - query execution done
2025-10-24 22:27:42,027 - query: [UPDATE OPTIONS_SNAPSHOT SET DELTA = -0.04474127299602659, GAMMA = 0.004299575582...]
2025-10-24 22:27:42,665 - query execution done
2025-10-24 22:27:42,667 - query: [UPDATE OPTIONS_SNAPSHOT SET DELTA = -0.06602107784002986, GAMMA = 0.006136639361...]
2025-10-24 22:27:43,312 - query execution done
2025-10-24 22:27:43,313 - query: [UPDATE OPTIONS_SNAPSHOT SET DELTA = -0.09517940961465476, GAMMA = 0.008575300307...]
2025-10-24 22:27:43,854 - query execution done
2025-10-24 22:27:43,857 - query: [UPDATE OPTIONS_SNAPSHOT SET DELTA = -0.1429787981517977, GAMMA = 0.0118350580013...]
2025-10-24 22:27:44,395 - query execution done
2025-10-24 22:27:44,400 - query: [UPDATE OPTIONS_SNAPSHOT SET DELTA = -0.20801323158743767, GAMMA = 0.015561917233...]
2025-10-24 22:27:44,961 - query execution done
2025-10-24 22:27:44,963 - query: [UPDATE OPTIONS_SNAPSHOT SET DELTA = -0.29246097869959997, GAMMA = 0.019325967215...]
2025-10-24 22:27:45,672 - query execution done
2025-10-24 22:27:45,674 - query: [UPDATE OPTIONS_SNAPSHOT SET DELTA = -0.3969317654395361, GAMMA = 0.0220132032525...]
2025-10-24 22:27:46,199 - query execution done
2025-10-24 22:27:46,203 - query: [UPDATE OPTIONS_SNAPSHOT SET DELTA = -0.5106550315808072, GAMMA = 0.0231315739317...]
2025-10-24 22:27:46,749 - query execution done
2025-10-24 22:27:46,751 - query: [UPDATE OPTIONS_SNAPSHOT SET DELTA = -0.6166687509871448, GAMMA = 0.0212398475628...]
2025-10-24 22:27:47,468 - query execution done
2025-10-24 22:27:47,469 - query: [UPDATE OPTIONS_SNAPSHOT SET DELTA = -0.7023569967932668, GAMMA = 0.0182365111407...]
2025-10-24 22:27:48,083 - query execution done
2025-10-24 22:27:48,085 - query: [UPDATE OPTIONS_SNAPSHOT SET DELTA = -0.8150522152659695, GAMMA = 0.0159631411455...]
2025-10-24 22:27:48,592 - query execution done
2025-10-24 22:27:48,594 - query: [UPDATE OPTIONS_SNAPSHOT SET DELTA = -0.8840774425130189, GAMMA = 0.0118682692147...]
2025-10-24 22:27:49,208 - query execution done
2025-10-24 22:27:49,210 - query: [UPDATE OPTIONS_SNAPSHOT SET DELTA = -0.8974697246909128, GAMMA = 0.0080049223087...]
2025-10-24 22:27:49,823 - query execution done
2025-10-24 22:27:49,825 - query: [UPDATE OPTIONS_SNAPSHOT SET DELTA = -0.9118923936375325, GAMMA = 0.0066406073070...]
2025-10-24 22:27:50,339 - query execution done
2025-10-24 22:27:50,343 - query: [UPDATE OPTIONS_SNAPSHOT SET DELTA = -0.9243087148082278, GAMMA = 0.0055648181430...]
2025-10-24 22:27:50,908 - query execution done
2025-10-24 22:27:50,909 -    550 contracts updated...
2025-10-24 22:27:50,909 - query: [COMMIT]
2025-10-24 22:27:51,053 - query execution done
2025-10-24 22:27:51,053 - Number of results in first chunk: 1
2025-10-24 22:27:51,056 - query: [UPDATE OPTIONS_SNAPSHOT SET DELTA = 0.998674131501753, GAMMA = 5.584166034012941...]
2025-10-24 22:27:51,596 - query execution done
2025-10-24 22:27:51,597 - query: [UPDATE OPTIONS_SNAPSHOT SET DELTA = 0.9984898399690136, GAMMA = 6.93467367038973...]
2025-10-24 22:27:52,279 - query execution done
2025-10-24 22:27:52,281 - query: [UPDATE OPTIONS_SNAPSHOT SET DELTA = 0.998382555827889, GAMMA = 7.75446283961971e...]
2025-10-24 22:27:52,893 - query execution done
2025-10-24 22:27:52,895 - query: [UPDATE OPTIONS_SNAPSHOT SET DELTA = 0.9979958707350287, GAMMA = 0.00010959930034...]
2025-10-24 22:27:53,415 - query execution done
2025-10-24 22:27:53,417 - query: [UPDATE OPTIONS_SNAPSHOT SET DELTA = 0.9976711004680525, GAMMA = 0.00013951290105...]
2025-10-24 22:27:53,934 - query execution done
2025-10-24 22:27:53,935 - query: [UPDATE OPTIONS_SNAPSHOT SET DELTA = 0.9971740023645087, GAMMA = 0.00017294239784...]
2025-10-24 22:27:54,484 - query execution done
2025-10-24 22:27:54,485 - query: [UPDATE OPTIONS_SNAPSHOT SET DELTA = 0.997269863397061, GAMMA = 0.000179824813025...]
2025-10-24 22:27:55,190 - query execution done
2025-10-24 22:27:55,192 - query: [UPDATE OPTIONS_SNAPSHOT SET DELTA = 0.9966637915212637, GAMMA = 0.00022473681583...]
2025-10-24 22:27:56,213 - query execution done
2025-10-24 22:27:56,216 - query: [UPDATE OPTIONS_SNAPSHOT SET DELTA = 0.9967497433987655, GAMMA = 0.00023632352671...]
2025-10-24 22:27:56,770 - query execution done
2025-10-24 22:27:56,772 - query: [UPDATE OPTIONS_SNAPSHOT SET DELTA = 0.9960184910398284, GAMMA = 0.00029698295560...]
2025-10-24 22:27:57,404 - query execution done
2025-10-24 22:27:57,406 - query: [UPDATE OPTIONS_SNAPSHOT SET DELTA = 0.9960833006330633, GAMMA = 0.00031654326197...]
2025-10-24 22:27:58,152 - query execution done
2025-10-24 22:27:58,153 - query: [UPDATE OPTIONS_SNAPSHOT SET DELTA = 0.9951683310541504, GAMMA = 0.00040190801666...]
2025-10-24 22:27:58,735 - query execution done
2025-10-24 22:27:58,737 - query: [UPDATE OPTIONS_SNAPSHOT SET DELTA = 0.9982586830971685, GAMMA = 0.00019779671976...]
2025-10-24 22:27:59,441 - query execution done
2025-10-24 22:27:59,442 - query: [UPDATE OPTIONS_SNAPSHOT SET DELTA = 0.9940298356417552, GAMMA = 0.00055955444576...]
2025-10-24 22:28:00,075 - query execution done
2025-10-24 22:28:00,076 - query: [UPDATE OPTIONS_SNAPSHOT SET DELTA = 0.999956349300259, GAMMA = 1.041254604800804...]
2025-10-24 22:28:00,614 - query execution done
2025-10-24 22:28:00,634 - query: [UPDATE OPTIONS_SNAPSHOT SET DELTA = 0.9924018587429855, GAMMA = 0.00081253171539...]
2025-10-24 22:28:01,185 - query execution done
2025-10-24 22:28:01,187 - query: [UPDATE OPTIONS_SNAPSHOT SET DELTA = 0.9999387941408461, GAMMA = 1.72747183724835...]
2025-10-24 22:28:01,793 - query execution done
2025-10-24 22:28:01,795 - query: [UPDATE OPTIONS_SNAPSHOT SET DELTA = 0.9899719813643798, GAMMA = 0.00124679415732...]
2025-10-24 22:28:02,344 - query execution done
2025-10-24 22:28:02,357 - query: [UPDATE OPTIONS_SNAPSHOT SET DELTA = 0.9949291839856153, GAMMA = 0.00086481455648...]
2025-10-24 22:28:02,870 - query execution done
2025-10-24 22:28:02,872 - query: [UPDATE OPTIONS_SNAPSHOT SET DELTA = 0.9933052378326277, GAMMA = 0.00114234396355...]
2025-10-24 22:28:03,409 - query execution done
2025-10-24 22:28:03,411 - query: [UPDATE OPTIONS_SNAPSHOT SET DELTA = 0.9988430148511561, GAMMA = 0.00031324159232...]
2025-10-24 22:28:03,943 - query execution done
2025-10-24 22:28:03,944 - query: [UPDATE OPTIONS_SNAPSHOT SET DELTA = 0.9932168230409747, GAMMA = 0.00135009429044...]
2025-10-24 22:28:04,503 - query execution done
2025-10-24 22:28:04,505 - query: [UPDATE OPTIONS_SNAPSHOT SET DELTA = 0.9960412622670624, GAMMA = 0.00098290089898...]
2025-10-24 22:28:05,182 - query execution done
2025-10-24 22:28:05,185 - query: [UPDATE OPTIONS_SNAPSHOT SET DELTA = 0.9998333572984696, GAMMA = 7.97300066449534...]
2025-10-24 22:28:05,783 - query execution done
2025-10-24 22:28:05,785 - query: [UPDATE OPTIONS_SNAPSHOT SET DELTA = 0.9864378323778294, GAMMA = 0.00293699420039...]
2025-10-24 22:28:06,320 - query execution done
2025-10-24 22:28:06,322 - query: [UPDATE OPTIONS_SNAPSHOT SET DELTA = 0.9930683152258597, GAMMA = 0.00204205546350...]
2025-10-24 22:28:06,923 - query execution done
2025-10-24 22:28:06,925 - query: [UPDATE OPTIONS_SNAPSHOT SET DELTA = 0.9894809319363627, GAMMA = 0.00312859079544...]
2025-10-24 22:28:07,445 - query execution done
2025-10-24 22:28:07,447 - query: [UPDATE OPTIONS_SNAPSHOT SET DELTA = 0.9955836546028972, GAMMA = 0.00190534635883...]
2025-10-24 22:28:08,355 - query execution done
2025-10-24 22:28:08,356 - query: [UPDATE OPTIONS_SNAPSHOT SET DELTA = 0.9814178211340093, GAMMA = 0.00626118287141...]
2025-10-24 22:28:08,885 - query execution done
2025-10-24 22:28:08,887 - query: [UPDATE OPTIONS_SNAPSHOT SET DELTA = 0.9768326694427539, GAMMA = 0.00875380567169...]
2025-10-24 22:28:09,382 - query execution done
2025-10-24 22:28:09,383 - query: [UPDATE OPTIONS_SNAPSHOT SET DELTA = 0.9698516307170079, GAMMA = 0.01303539989143...]
2025-10-24 22:28:10,097 - query execution done
2025-10-24 22:28:10,099 - query: [UPDATE OPTIONS_SNAPSHOT SET DELTA = 0.9582221139064876, GAMMA = 0.02132370566677...]
2025-10-24 22:28:10,819 - query execution done
2025-10-24 22:28:10,825 - query: [UPDATE OPTIONS_SNAPSHOT SET DELTA = 0.9168726343532037, GAMMA = 0.04531527745229...]
2025-10-24 22:28:11,490 - query execution done
2025-10-24 22:28:11,492 - query: [UPDATE OPTIONS_SNAPSHOT SET DELTA = 0.7766576356014783, GAMMA = 0.10641894500471...]
2025-10-24 22:28:11,968 - query execution done
2025-10-24 22:28:11,970 - query: [UPDATE OPTIONS_SNAPSHOT SET DELTA = 0.4415464939182114, GAMMA = 0.15470508790330...]
2025-10-24 22:28:12,575 - query execution done
2025-10-24 22:28:12,577 - query: [UPDATE OPTIONS_SNAPSHOT SET DELTA = 0.12359180590602675, GAMMA = 0.0826373345069...]
2025-10-24 22:28:13,158 - query execution done
2025-10-24 22:28:13,285 - query: [UPDATE OPTIONS_SNAPSHOT SET DELTA = 0.016475419612194543, GAMMA = 0.016453201235...]
2025-10-24 22:28:13,933 - query execution done
2025-10-24 22:28:13,934 - query: [UPDATE OPTIONS_SNAPSHOT SET DELTA = 0.0020845839781512593, GAMMA = 0.00243196226...]
2025-10-24 22:28:14,499 - query execution done
2025-10-24 22:28:14,509 - query: [UPDATE OPTIONS_SNAPSHOT SET DELTA = 0.0008466010473305858, GAMMA = 0.00089243402...]
2025-10-24 22:28:15,046 - query execution done
2025-10-24 22:28:15,050 - query: [UPDATE OPTIONS_SNAPSHOT SET DELTA = 0.00020790788490364706, GAMMA = 0.0002209723...]
2025-10-24 22:28:15,644 - query execution done
2025-10-24 22:28:15,645 - query: [UPDATE OPTIONS_SNAPSHOT SET DELTA = 0.00015753055120226977, GAMMA = 0.0001464334...]
2025-10-24 22:28:16,212 - query execution done
2025-10-24 22:28:16,214 - query: [UPDATE OPTIONS_SNAPSHOT SET DELTA = 0.0001102674236982939, GAMMA = 9.29003749934...]
2025-10-24 22:28:16,722 - query execution done
2025-10-24 22:28:16,724 - query: [UPDATE OPTIONS_SNAPSHOT SET DELTA = 0.0001133291113751055, GAMMA = 8.38816583291...]
2025-10-24 22:28:17,366 - query execution done
2025-10-24 22:28:17,368 - query: [UPDATE OPTIONS_SNAPSHOT SET DELTA = 9.006975963739867e-05, GAMMA = 6.14547377564...]
2025-10-24 22:28:18,055 - query execution done
2025-10-24 22:28:18,056 - query: [UPDATE OPTIONS_SNAPSHOT SET DELTA = 7.520798224158447e-05, GAMMA = 4.75429468289...]
2025-10-24 22:28:19,159 - query execution done
2025-10-24 22:28:19,160 - query: [UPDATE OPTIONS_SNAPSHOT SET DELTA = 2.1768516894161475e-05, GAMMA = 1.3390176070...]
2025-10-24 22:28:19,928 - query execution done
2025-10-24 22:28:19,930 - query: [UPDATE OPTIONS_SNAPSHOT SET DELTA = 1.2896382899093576e-05, GAMMA = 7.2633399583...]
2025-10-24 22:28:20,389 - query execution done
2025-10-24 22:28:20,391 - query: [UPDATE OPTIONS_SNAPSHOT SET DELTA = 1.380824865696596e-05, GAMMA = 6.82818311099...]
2025-10-24 22:28:20,953 - query execution done
2025-10-24 22:28:20,955 - query: [UPDATE OPTIONS_SNAPSHOT SET DELTA = 1.004129228156575e-05, GAMMA = 4.60420830123...]
2025-10-24 22:28:21,464 - query execution done
2025-10-24 22:28:21,465 - query: [UPDATE OPTIONS_SNAPSHOT SET DELTA = 7.895451998395809e-06, GAMMA = 3.36870933073...]
2025-10-24 22:28:22,077 - query execution done
2025-10-24 22:28:22,078 -    600 contracts updated...
2025-10-24 22:28:22,078 - query: [COMMIT]
2025-10-24 22:28:22,213 - query execution done
2025-10-24 22:28:22,214 - Number of results in first chunk: 1
2025-10-24 22:28:22,216 - query: [UPDATE OPTIONS_SNAPSHOT SET DELTA = 6.6019079817591485e-06, GAMMA = 2.6298750473...]
2025-10-24 22:28:22,695 - query execution done
2025-10-24 22:28:22,697 - query: [UPDATE OPTIONS_SNAPSHOT SET DELTA = 5.797190403413752e-06, GAMMA = 2.16287170542...]
2025-10-24 22:28:23,308 - query execution done
2025-10-24 22:28:23,310 - query: [UPDATE OPTIONS_SNAPSHOT SET DELTA = 5.2948185939107846e-06, GAMMA = 1.8555971576...]
2025-10-24 22:28:23,872 - query execution done
2025-10-24 22:28:23,874 - query: [UPDATE OPTIONS_SNAPSHOT SET DELTA = 4.993200402440424e-06, GAMMA = 1.64817589199...]
2025-10-24 22:28:24,448 - query execution done
2025-10-24 22:28:24,450 - query: [UPDATE OPTIONS_SNAPSHOT SET DELTA = -8.812439549199524e-07, GAMMA = 9.2154020130...]
2025-10-24 22:28:25,048 - query execution done
2025-10-24 22:28:25,050 - query: [UPDATE OPTIONS_SNAPSHOT SET DELTA = -1.4956155428569318e-06, GAMMA = 1.864326780...]
2025-10-24 22:28:25,717 - query execution done
2025-10-24 22:28:25,719 - query: [UPDATE OPTIONS_SNAPSHOT SET DELTA = -1.1856910918650598e-06, GAMMA = 1.595967084...]
2025-10-24 22:28:26,316 - query execution done
2025-10-24 22:28:26,318 - query: [UPDATE OPTIONS_SNAPSHOT SET DELTA = -1.4969971513512093e-06, GAMMA = 2.093536502...]
2025-10-24 22:28:26,889 - query execution done
2025-10-24 22:28:26,890 - query: [UPDATE OPTIONS_SNAPSHOT SET DELTA = -1.029586361500634e-06, GAMMA = 1.5770054557...]
2025-10-24 22:28:27,497 - query execution done
2025-10-24 22:28:27,499 - query: [UPDATE OPTIONS_SNAPSHOT SET DELTA = -1.198541214941784e-06, GAMMA = 1.9261233180...]
2025-10-24 22:28:28,122 - query execution done
2025-10-24 22:28:28,124 - query: [UPDATE OPTIONS_SNAPSHOT SET DELTA = -1.3487009102863823e-06, GAMMA = 2.284091065...]
2025-10-24 22:28:28,751 - query execution done
2025-10-24 22:28:28,753 - query: [UPDATE OPTIONS_SNAPSHOT SET DELTA = -1.4635346650138104e-06, GAMMA = 2.624790265...]
2025-10-24 22:28:29,288 - query execution done
2025-10-24 22:28:29,290 - query: [UPDATE OPTIONS_SNAPSHOT SET DELTA = -1.5258845590393477e-06, GAMMA = 2.914115300...]
2025-10-24 22:28:29,775 - query execution done
2025-10-24 22:28:29,775 - query: [UPDATE OPTIONS_SNAPSHOT SET DELTA = -2.2405248196744054e-06, GAMMA = 4.433192974...]
2025-10-24 22:28:30,328 - query execution done
2025-10-24 22:28:30,330 - query: [UPDATE OPTIONS_SNAPSHOT SET DELTA = -3.251000542436877e-06, GAMMA = 6.6830657029...]
2025-10-24 22:28:30,886 - query execution done
2025-10-24 22:28:30,887 - query: [UPDATE OPTIONS_SNAPSHOT SET DELTA = -3.1086114233858098e-06, GAMMA = 6.914945791...]
2025-10-24 22:28:31,397 - query execution done
2025-10-24 22:28:31,399 - query: [UPDATE OPTIONS_SNAPSHOT SET DELTA = -2.801580430866757e-06, GAMMA = 6.8041837126...]
2025-10-24 22:28:31,927 - query execution done
2025-10-24 22:28:31,929 - query: [UPDATE OPTIONS_SNAPSHOT SET DELTA = -3.849298420899316e-06, GAMMA = 9.8643314809...]
2025-10-24 22:28:32,625 - query execution done
2025-10-24 22:28:32,627 - query: [UPDATE OPTIONS_SNAPSHOT SET DELTA = -5.2453892582793316e-06, GAMMA = 1.425261470...]
2025-10-24 22:28:33,229 - query execution done
2025-10-24 22:28:33,232 - query: [UPDATE OPTIONS_SNAPSHOT SET DELTA = -4.105902088546998e-06, GAMMA = 1.2532175649...]
2025-10-24 22:28:33,752 - query execution done
2025-10-24 22:28:33,754 - query: [UPDATE OPTIONS_SNAPSHOT SET DELTA = -5.3526260882508225e-06, GAMMA = 1.761296811...]
2025-10-24 22:28:34,347 - query execution done
2025-10-24 22:28:34,348 - query: [UPDATE OPTIONS_SNAPSHOT SET DELTA = -6.917979118892248e-06, GAMMA = 2.4748672982...]
2025-10-24 22:28:34,935 - query execution done
2025-10-24 22:28:34,937 - query: [UPDATE OPTIONS_SNAPSHOT SET DELTA = -8.877376777127743e-06, GAMMA = 3.4878374433...]
2025-10-24 22:28:35,482 - query execution done
2025-10-24 22:28:35,484 - query: [UPDATE OPTIONS_SNAPSHOT SET DELTA = -1.1326765090635682e-05, GAMMA = 4.948519828...]
2025-10-24 22:28:36,068 - query execution done
2025-10-24 22:28:36,070 - query: [UPDATE OPTIONS_SNAPSHOT SET DELTA = -8.358957050647042e-06, GAMMA = 4.0419827063...]
2025-10-24 22:28:36,682 - query execution done
2025-10-24 22:28:36,684 - query: [UPDATE OPTIONS_SNAPSHOT SET DELTA = -1.4398645801882992e-05, GAMMA = 7.105452698...]
2025-10-24 22:28:37,280 - query execution done
2025-10-24 22:28:37,281 - query: [UPDATE OPTIONS_SNAPSHOT SET DELTA = -1.0036836323390474e-05, GAMMA = 5.571143780...]
2025-10-24 22:28:37,856 - query execution done
2025-10-24 22:28:37,858 - query: [UPDATE OPTIONS_SNAPSHOT SET DELTA = -1.829017959087409e-05, GAMMA = 1.0405001483...]
2025-10-24 22:28:38,497 - query execution done
2025-10-24 22:28:38,498 - query: [UPDATE OPTIONS_SNAPSHOT SET DELTA = -5.497387771569162e-05, GAMMA = 3.0329672476...]
2025-10-24 22:28:39,226 - query execution done
2025-10-24 22:28:39,228 - query: [UPDATE OPTIONS_SNAPSHOT SET DELTA = -0.0001315953019623839, GAMMA = 7.2018683614...]
2025-10-24 22:28:39,705 - query execution done
2025-10-24 22:28:39,706 - query: [UPDATE OPTIONS_SNAPSHOT SET DELTA = -0.0002126730142437694, GAMMA = 0.0001219520...]
2025-10-24 22:28:40,221 - query execution done
2025-10-24 22:28:40,222 - query: [UPDATE OPTIONS_SNAPSHOT SET DELTA = -0.0004912921069283316, GAMMA = 0.0002815746...]
2025-10-24 22:28:40,735 - query execution done
2025-10-24 22:28:40,736 - query: [UPDATE OPTIONS_SNAPSHOT SET DELTA = -0.0006471617659136175, GAMMA = 0.0004086773...]
2025-10-24 22:28:41,270 - query execution done
2025-10-24 22:28:41,272 - query: [UPDATE OPTIONS_SNAPSHOT SET DELTA = -0.001183849334043252, GAMMA = 0.00079202745...]
2025-10-24 22:28:41,883 - query execution done
2025-10-24 22:28:41,885 - query: [UPDATE OPTIONS_SNAPSHOT SET DELTA = -0.002131531190855185, GAMMA = 0.00154345799...]
2025-10-24 22:28:42,398 - query execution done
2025-10-24 22:28:42,399 - query: [UPDATE OPTIONS_SNAPSHOT SET DELTA = -0.0038840015912329218, GAMMA = 0.0031281043...]
2025-10-24 22:28:42,824 - query execution done
2025-10-24 22:28:42,825 - query: [UPDATE OPTIONS_SNAPSHOT SET DELTA = -0.009690303561734392, GAMMA = 0.00838696340...]
2025-10-24 22:28:43,391 - query execution done
2025-10-24 22:28:43,392 - query: [UPDATE OPTIONS_SNAPSHOT SET DELTA = -0.044633325348077624, GAMMA = 0.03428265965...]
2025-10-24 22:28:43,899 - query execution done
2025-10-24 22:28:43,900 - query: [UPDATE OPTIONS_SNAPSHOT SET DELTA = -0.19819057868044376, GAMMA = 0.110730653802...]
2025-10-24 22:28:44,389 - query execution done
2025-10-24 22:28:44,391 - query: [UPDATE OPTIONS_SNAPSHOT SET DELTA = -0.5601895225790577, GAMMA = 0.1589437555209...]
2025-10-24 22:28:44,813 - query execution done
2025-10-24 22:28:44,814 - query: [UPDATE OPTIONS_SNAPSHOT SET DELTA = -0.8940508633622262, GAMMA = 0.0798438516042...]
2025-10-24 22:28:45,420 - query execution done
2025-10-24 22:28:45,422 - query: [UPDATE OPTIONS_SNAPSHOT SET DELTA = -0.9578433551168524, GAMMA = 0.0292107073500...]
2025-10-24 22:28:46,001 - query execution done
2025-10-24 22:28:46,002 - query: [UPDATE OPTIONS_SNAPSHOT SET DELTA = -0.9720640351512273, GAMMA = 0.0158457506662...]
2025-10-24 22:28:46,527 - query execution done
2025-10-24 22:28:46,528 - query: [UPDATE OPTIONS_SNAPSHOT SET DELTA = -0.994492801009046, GAMMA = 0.00394536545343...]
2025-10-24 22:28:47,029 - query execution done
2025-10-24 22:28:47,031 - query: [UPDATE OPTIONS_SNAPSHOT SET DELTA = -0.967517090907746, GAMMA = 0.01073842896163...]
2025-10-24 22:28:47,462 - query execution done
2025-10-24 22:28:47,463 - query: [UPDATE OPTIONS_SNAPSHOT SET DELTA = -0.9732473967062849, GAMMA = 0.0080512509635...]
2025-10-24 22:28:48,108 - query execution done
2025-10-24 22:28:48,109 - query: [UPDATE OPTIONS_SNAPSHOT SET DELTA = -0.9773245711340423, GAMMA = 0.0062814126054...]
2025-10-24 22:28:48,619 - query execution done
2025-10-24 22:28:48,620 - query: [UPDATE OPTIONS_SNAPSHOT SET DELTA = -0.9831123621860794, GAMMA = 0.0045722514211...]
2025-10-24 22:28:49,135 - query execution done
2025-10-24 22:28:49,138 - query: [UPDATE OPTIONS_SNAPSHOT SET DELTA = -0.999619135703336, GAMMA = 0.00019271804432...]
2025-10-24 22:28:49,864 - query execution done
2025-10-24 22:28:49,865 - query: [UPDATE OPTIONS_SNAPSHOT SET DELTA = -0.9987138392787833, GAMMA = 0.0004475674320...]
2025-10-24 22:28:50,465 - query execution done
2025-10-24 22:28:50,466 -    650 contracts updated...
2025-10-24 22:28:50,466 - query: [COMMIT]
2025-10-24 22:28:50,606 - query execution done
2025-10-24 22:28:50,607 - Number of results in first chunk: 1
2025-10-24 22:28:50,608 - query: [UPDATE OPTIONS_SNAPSHOT SET DELTA = -0.9993928936037906, GAMMA = 0.0002086877066...]
2025-10-24 22:28:51,455 - query execution done
2025-10-24 22:28:51,456 - query: [UPDATE OPTIONS_SNAPSHOT SET DELTA = -0.999513758396684, GAMMA = 0.00015319639272...]
2025-10-24 22:28:52,293 - query execution done
2025-10-24 22:28:52,294 - query: [UPDATE OPTIONS_SNAPSHOT SET DELTA = -0.9996913150663347, GAMMA = 7.8106285624183...]
2025-10-24 22:28:52,747 - query execution done
2025-10-24 22:28:52,749 - query: [UPDATE OPTIONS_SNAPSHOT SET DELTA = -0.7984862908033952, GAMMA = 0.0046009183567...]
2025-10-24 22:28:53,334 - query execution done
2025-10-24 22:28:53,335 - query: [UPDATE OPTIONS_SNAPSHOT SET DELTA = 0.9971970333545238, GAMMA = 0.00014224820466...]
2025-10-24 22:28:53,963 - query execution done
2025-10-24 22:28:53,965 - query: [UPDATE OPTIONS_SNAPSHOT SET DELTA = 0.9961095940881963, GAMMA = 0.00020693314260...]
2025-10-24 22:28:54,420 - query execution done
2025-10-24 22:28:54,422 - query: [UPDATE OPTIONS_SNAPSHOT SET DELTA = 0.9959349829259815, GAMMA = 0.00022810858446...]
2025-10-24 22:28:54,972 - query execution done
2025-10-24 22:28:54,973 - query: [UPDATE OPTIONS_SNAPSHOT SET DELTA = 0.9942031316440787, GAMMA = 0.00036497098084...]
2025-10-24 22:28:55,483 - query execution done
2025-10-24 22:28:55,485 - query: [UPDATE OPTIONS_SNAPSHOT SET DELTA = 0.9929069580228198, GAMMA = 0.00045522630762...]
2025-10-24 22:28:56,020 - query execution done
2025-10-24 22:28:56,021 - query: [UPDATE OPTIONS_SNAPSHOT SET DELTA = 0.9924313252083637, GAMMA = 0.00051505842877...]
2025-10-24 22:28:56,582 - query execution done
2025-10-24 22:28:56,584 - query: [UPDATE OPTIONS_SNAPSHOT SET DELTA = 0.9962713938698782, GAMMA = 0.00032934652990...]
2025-10-24 22:28:57,123 - query execution done
2025-10-24 22:28:57,124 - query: [UPDATE OPTIONS_SNAPSHOT SET DELTA = 0.9959788952265196, GAMMA = 0.00037938464728...]
2025-10-24 22:28:57,702 - query execution done
2025-10-24 22:28:57,703 - query: [UPDATE OPTIONS_SNAPSHOT SET DELTA = 0.9957010258970463, GAMMA = 0.00043614436060...]
2025-10-24 22:28:58,344 - query execution done
2025-10-24 22:28:58,345 - query: [UPDATE OPTIONS_SNAPSHOT SET DELTA = 0.9897754185239663, GAMMA = 0.00090395024621...]
2025-10-24 22:28:58,866 - query execution done
2025-10-24 22:28:58,867 - query: [UPDATE OPTIONS_SNAPSHOT SET DELTA = 0.9861402136494433, GAMMA = 0.00123388557228...]
2025-10-24 22:28:59,379 - query execution done
2025-10-24 22:28:59,381 - query: [UPDATE OPTIONS_SNAPSHOT SET DELTA = 0.9943089436906737, GAMMA = 0.00073023187831...]
2025-10-24 22:28:59,902 - query execution done
2025-10-24 22:28:59,903 - query: [UPDATE OPTIONS_SNAPSHOT SET DELTA = 0.981699931497055, GAMMA = 0.001866294727193...]
2025-10-24 22:29:00,638 - query execution done
2025-10-24 22:29:00,640 - query: [UPDATE OPTIONS_SNAPSHOT SET DELTA = 0.9556126868661844, GAMMA = 0.00358383782166...]
2025-10-24 22:29:01,221 - query execution done
2025-10-24 22:29:01,222 - query: [UPDATE OPTIONS_SNAPSHOT SET DELTA = 0.9560762199987192, GAMMA = 0.00413847600542...]
2025-10-24 22:29:01,939 - query execution done
2025-10-24 22:29:01,940 - query: [UPDATE OPTIONS_SNAPSHOT SET DELTA = 0.9317719305892882, GAMMA = 0.00550655209447...]
2025-10-24 22:29:02,399 - query execution done
2025-10-24 22:29:02,407 - query: [UPDATE OPTIONS_SNAPSHOT SET DELTA = 0.9275025914906888, GAMMA = 0.00616136697403...]
2025-10-24 22:29:02,907 - query execution done
2025-10-24 22:29:02,909 - query: [UPDATE OPTIONS_SNAPSHOT SET DELTA = 0.9174012948947543, GAMMA = 0.00710683837928...]
2025-10-24 22:29:03,509 - query execution done
2025-10-24 22:29:03,511 - query: [UPDATE OPTIONS_SNAPSHOT SET DELTA = 0.9322501364149426, GAMMA = 0.00732142088148...]
2025-10-24 22:29:04,070 - query execution done
2025-10-24 22:29:04,072 - query: [UPDATE OPTIONS_SNAPSHOT SET DELTA = 0.9046663250812315, GAMMA = 0.00924780495761...]
2025-10-24 22:29:04,626 - query execution done
2025-10-24 22:29:04,636 - query: [UPDATE OPTIONS_SNAPSHOT SET DELTA = 0.8997522953451917, GAMMA = 0.01064704629243...]
2025-10-24 22:29:05,220 - query execution done
2025-10-24 22:29:05,226 - query: [UPDATE OPTIONS_SNAPSHOT SET DELTA = 0.87769560722048, GAMMA = 0.0128160708760323...]
2025-10-24 22:29:05,831 - query execution done
2025-10-24 22:29:05,834 - query: [UPDATE OPTIONS_SNAPSHOT SET DELTA = 0.8501969085383758, GAMMA = 0.01538812888901...]
2025-10-24 22:29:06,412 - query execution done
2025-10-24 22:29:06,413 - query: [UPDATE OPTIONS_SNAPSHOT SET DELTA = 0.814137359873628, GAMMA = 0.018342719526546...]
2025-10-24 22:29:06,966 - query execution done
2025-10-24 22:29:06,968 - query: [UPDATE OPTIONS_SNAPSHOT SET DELTA = 0.7718243462916626, GAMMA = 0.02166716440883...]
2025-10-24 22:29:07,510 - query execution done
2025-10-24 22:29:07,511 - query: [UPDATE OPTIONS_SNAPSHOT SET DELTA = 0.7150573527863235, GAMMA = 0.02473917596475...]
2025-10-24 22:29:08,083 - query execution done
2025-10-24 22:29:08,084 - query: [UPDATE OPTIONS_SNAPSHOT SET DELTA = 0.6494241521122555, GAMMA = 0.02716734709516...]
2025-10-24 22:29:08,700 - query execution done
2025-10-24 22:29:08,701 - query: [UPDATE OPTIONS_SNAPSHOT SET DELTA = 0.5795264176585669, GAMMA = 0.02916182195055...]
2025-10-24 22:29:09,311 - query execution done
2025-10-24 22:29:09,316 - query: [UPDATE OPTIONS_SNAPSHOT SET DELTA = 0.5052472011410123, GAMMA = 0.03012128633623...]
2025-10-24 22:29:09,825 - query execution done
2025-10-24 22:29:09,825 - query: [UPDATE OPTIONS_SNAPSHOT SET DELTA = 0.42920866979040023, GAMMA = 0.0301720673877...]
2025-10-24 22:29:10,470 - query execution done
2025-10-24 22:29:10,635 - query: [UPDATE OPTIONS_SNAPSHOT SET DELTA = 0.3560744255156471, GAMMA = 0.02874227955742...]
2025-10-24 22:29:11,148 - query execution done
2025-10-24 22:29:11,150 - query: [UPDATE OPTIONS_SNAPSHOT SET DELTA = 0.28513168048434173, GAMMA = 0.0266512587969...]
2025-10-24 22:29:11,667 - query execution done
2025-10-24 22:29:11,669 - query: [UPDATE OPTIONS_SNAPSHOT SET DELTA = 0.22214447097358364, GAMMA = 0.0235938475845...]
2025-10-24 22:29:12,283 - query execution done
2025-10-24 22:29:12,285 - query: [UPDATE OPTIONS_SNAPSHOT SET DELTA = 0.16886147603733864, GAMMA = 0.0200483248098...]
2025-10-24 22:29:12,801 - query execution done
2025-10-24 22:29:12,803 - query: [UPDATE OPTIONS_SNAPSHOT SET DELTA = 0.12498318859116103, GAMMA = 0.0164207218386...]
2025-10-24 22:29:13,388 - query execution done
2025-10-24 22:29:13,390 - query: [UPDATE OPTIONS_SNAPSHOT SET DELTA = 0.09132006623909239, GAMMA = 0.0130468904706...]
2025-10-24 22:29:14,039 - query execution done
2025-10-24 22:29:14,041 - query: [UPDATE OPTIONS_SNAPSHOT SET DELTA = 0.06749841648843201, GAMMA = 0.0102237156354...]
2025-10-24 22:29:14,581 - query execution done
2025-10-24 22:29:14,582 - query: [UPDATE OPTIONS_SNAPSHOT SET DELTA = 0.04780157051828872, GAMMA = 0.0077517597280...]
2025-10-24 22:29:15,254 - query execution done
2025-10-24 22:29:15,256 - query: [UPDATE OPTIONS_SNAPSHOT SET DELTA = 0.03457474969753365, GAMMA = 0.0058741417482...]
2025-10-24 22:29:15,717 - query execution done
2025-10-24 22:29:15,718 - query: [UPDATE OPTIONS_SNAPSHOT SET DELTA = 0.01777396302773341, GAMMA = 0.0032686160528...]
2025-10-24 22:29:16,209 - query execution done
2025-10-24 22:29:16,210 - query: [UPDATE OPTIONS_SNAPSHOT SET DELTA = 0.009992833894528095, GAMMA = 0.001902716685...]
2025-10-24 22:29:16,708 - query execution done
2025-10-24 22:29:16,709 - query: [UPDATE OPTIONS_SNAPSHOT SET DELTA = 0.00677347392556838, GAMMA = 0.0012672656010...]
2025-10-24 22:29:17,232 - query execution done
2025-10-24 22:29:17,235 - query: [UPDATE OPTIONS_SNAPSHOT SET DELTA = 0.005066832102540154, GAMMA = 0.000915188103...]
2025-10-24 22:29:17,815 - query execution done
2025-10-24 22:29:17,817 - query: [UPDATE OPTIONS_SNAPSHOT SET DELTA = 0.0035415229307206035, GAMMA = 0.00063175825...]
2025-10-24 22:29:18,324 - query execution done
2025-10-24 22:29:18,326 - query: [UPDATE OPTIONS_SNAPSHOT SET DELTA = 0.002282017450020109, GAMMA = 0.000410356839...]
2025-10-24 22:29:18,807 - query execution done
2025-10-24 22:29:18,808 - query: [UPDATE OPTIONS_SNAPSHOT SET DELTA = 0.0020624849527142507, GAMMA = 0.00035024623...]
2025-10-24 22:29:19,258 - query execution done
2025-10-24 22:29:19,259 -    700 contracts updated...
2025-10-24 22:29:19,259 - query: [COMMIT]
2025-10-24 22:29:19,408 - query execution done
2025-10-24 22:29:19,409 - Number of results in first chunk: 1
2025-10-24 22:29:19,410 - query: [UPDATE OPTIONS_SNAPSHOT SET DELTA = 0.001018967372908707, GAMMA = 0.000184029279...]
2025-10-24 22:29:19,944 - query execution done
2025-10-24 22:29:19,946 - query: [UPDATE OPTIONS_SNAPSHOT SET DELTA = 0.0009899968375803089, GAMMA = 0.00016836020...]
2025-10-24 22:29:20,668 - query execution done
2025-10-24 22:29:20,670 - query: [UPDATE OPTIONS_SNAPSHOT SET DELTA = -0.0001106999604848502, GAMMA = 6.9737406472...]
2025-10-24 22:29:21,113 - query execution done
2025-10-24 22:29:21,115 - query: [UPDATE OPTIONS_SNAPSHOT SET DELTA = 0.0, GAMMA = 3.140249359065041e-26, THETA = ...]
2025-10-24 22:29:21,648 - query execution done
2025-10-24 22:29:21,651 - query: [UPDATE OPTIONS_SNAPSHOT SET DELTA = -0.00014796537453853897, GAMMA = 1.057844246...]
2025-10-24 22:29:22,216 - query execution done
2025-10-24 22:29:22,217 - query: [UPDATE OPTIONS_SNAPSHOT SET DELTA = -0.00017144590545492555, GAMMA = 1.270701235...]
2025-10-24 22:29:22,698 - query execution done
2025-10-24 22:29:22,699 - query: [UPDATE OPTIONS_SNAPSHOT SET DELTA = -0.00014130708531501224, GAMMA = 1.139832656...]
2025-10-24 22:29:23,267 - query execution done
2025-10-24 22:29:23,268 - query: [UPDATE OPTIONS_SNAPSHOT SET DELTA = -0.00015579604108562073, GAMMA = 1.314688903...]
2025-10-24 22:29:24,387 - query execution done
2025-10-24 22:29:24,388 - query: [UPDATE OPTIONS_SNAPSHOT SET DELTA = -0.00016817293284121515, GAMMA = 1.490654789...]
2025-10-24 22:29:24,901 - query execution done
2025-10-24 22:29:24,902 - query: [UPDATE OPTIONS_SNAPSHOT SET DELTA = -0.00017751529093423812, GAMMA = 1.660214259...]
2025-10-24 22:29:25,368 - query execution done
2025-10-24 22:29:25,368 - query: [UPDATE OPTIONS_SNAPSHOT SET DELTA = -0.00018288520524945007, GAMMA = 1.813826104...]
2025-10-24 22:29:25,833 - query execution done
2025-10-24 22:29:25,834 - query: [UPDATE OPTIONS_SNAPSHOT SET DELTA = -0.00022677154242889408, GAMMA = 2.326494588...]
2025-10-24 22:29:26,371 - query execution done
2025-10-24 22:29:26,372 - query: [UPDATE OPTIONS_SNAPSHOT SET DELTA = -0.00027852896676816563, GAMMA = 2.963757181...]
2025-10-24 22:29:27,048 - query execution done
2025-10-24 22:29:27,050 - query: [UPDATE OPTIONS_SNAPSHOT SET DELTA = -0.0007446487094907583, GAMMA = 7.2470148611...]
2025-10-24 22:29:27,537 - query execution done
2025-10-24 22:29:27,538 - query: [UPDATE OPTIONS_SNAPSHOT SET DELTA = -0.000761233951713014, GAMMA = 7.93343720625...]
2025-10-24 22:29:28,158 - query execution done
2025-10-24 22:29:28,159 - query: [UPDATE OPTIONS_SNAPSHOT SET DELTA = -0.0006152977566966644, GAMMA = 7.1713223738...]
2025-10-24 22:29:28,784 - query execution done
2025-10-24 22:29:28,785 - query: [UPDATE OPTIONS_SNAPSHOT SET DELTA = -0.0005860945131263007, GAMMA = 7.4525053782...]
2025-10-24 22:29:29,330 - query execution done
2025-10-24 22:29:29,332 - query: [UPDATE OPTIONS_SNAPSHOT SET DELTA = -0.0009928415600779505, GAMMA = 0.0001251812...]
2025-10-24 22:29:30,087 - query execution done
2025-10-24 22:29:30,089 - query: [UPDATE OPTIONS_SNAPSHOT SET DELTA = -0.0013361415992140246, GAMMA = 0.0001740917...]
2025-10-24 22:29:30,536 - query execution done
2025-10-24 22:29:30,537 - query: [UPDATE OPTIONS_SNAPSHOT SET DELTA = -0.0018063424641685533, GAMMA = 0.0002436804...]
2025-10-24 22:29:31,126 - query execution done
2025-10-24 22:29:31,128 - query: [UPDATE OPTIONS_SNAPSHOT SET DELTA = -0.002752104234952757, GAMMA = 0.00037590784...]
2025-10-24 22:29:31,740 - query execution done
2025-10-24 22:29:31,741 - query: [UPDATE OPTIONS_SNAPSHOT SET DELTA = -0.0030090445000329202, GAMMA = 0.0004493533...]
2025-10-24 22:29:32,252 - query execution done
2025-10-24 22:29:32,254 - query: [UPDATE OPTIONS_SNAPSHOT SET DELTA = -0.004718301092393573, GAMMA = 0.00071460968...]
2025-10-24 22:29:32,764 - query execution done
2025-10-24 22:29:32,766 - query: [UPDATE OPTIONS_SNAPSHOT SET DELTA = -0.007089847516341674, GAMMA = 0.00110318988...]
2025-10-24 22:29:33,276 - query execution done
2025-10-24 22:29:33,278 - query: [UPDATE OPTIONS_SNAPSHOT SET DELTA = -0.010022250448571968, GAMMA = 0.00163949142...]
2025-10-24 22:29:33,891 - query execution done
2025-10-24 22:29:33,893 - query: [UPDATE OPTIONS_SNAPSHOT SET DELTA = -0.012553402573859063, GAMMA = 0.00208027367...]
2025-10-24 22:29:34,506 - query execution done
2025-10-24 22:29:34,509 - query: [UPDATE OPTIONS_SNAPSHOT SET DELTA = -0.01646991746632087, GAMMA = 0.002726511119...]
2025-10-24 22:29:34,998 - query execution done
2025-10-24 22:29:34,999 - query: [UPDATE OPTIONS_SNAPSHOT SET DELTA = -0.022905049051575643, GAMMA = 0.00370515638...]
2025-10-24 22:29:35,632 - query execution done
2025-10-24 22:29:35,634 - query: [UPDATE OPTIONS_SNAPSHOT SET DELTA = -0.03188789813811599, GAMMA = 0.005011649258...]
2025-10-24 22:29:36,278 - query execution done
2025-10-24 22:29:36,279 - query: [UPDATE OPTIONS_SNAPSHOT SET DELTA = -0.04453572994221655, GAMMA = 0.006741938225...]
2025-10-24 22:29:36,784 - query execution done
2025-10-24 22:29:36,785 - query: [UPDATE OPTIONS_SNAPSHOT SET DELTA = -0.06285755966312145, GAMMA = 0.009017970615...]
2025-10-24 22:29:37,333 - query execution done
2025-10-24 22:29:37,334 - query: [UPDATE OPTIONS_SNAPSHOT SET DELTA = -0.08678204196275363, GAMMA = 0.011771189438...]
2025-10-24 22:29:37,918 - query execution done
2025-10-24 22:29:37,920 - query: [UPDATE OPTIONS_SNAPSHOT SET DELTA = -0.11902098407529471, GAMMA = 0.015044540369...]
2025-10-24 22:29:38,518 - query execution done
2025-10-24 22:29:38,520 - query: [UPDATE OPTIONS_SNAPSHOT SET DELTA = -0.16029177316911114, GAMMA = 0.018678726272...]
2025-10-24 22:29:39,114 - query execution done
2025-10-24 22:29:39,115 - query: [UPDATE OPTIONS_SNAPSHOT SET DELTA = -0.21273142666935918, GAMMA = 0.022379103703...]
2025-10-24 22:29:39,627 - query execution done
2025-10-24 22:29:39,628 - query: [UPDATE OPTIONS_SNAPSHOT SET DELTA = -0.27321164660779007, GAMMA = 0.025875020531...]
2025-10-24 22:29:40,138 - query execution done
2025-10-24 22:29:40,139 - query: [UPDATE OPTIONS_SNAPSHOT SET DELTA = -0.3415531334395683, GAMMA = 0.0288818367736...]
2025-10-24 22:29:40,632 - query execution done
2025-10-24 22:29:40,633 - query: [UPDATE OPTIONS_SNAPSHOT SET DELTA = -0.41628087574783645, GAMMA = 0.031169477637...]
2025-10-24 22:29:41,264 - query execution done
2025-10-24 22:29:41,266 - query: [UPDATE OPTIONS_SNAPSHOT SET DELTA = -0.49549248758433984, GAMMA = 0.031646518111...]
2025-10-24 22:29:41,880 - query execution done
2025-10-24 22:29:41,881 - query: [UPDATE OPTIONS_SNAPSHOT SET DELTA = -0.5754579353841061, GAMMA = 0.0316820250794...]
2025-10-24 22:29:42,801 - query execution done
2025-10-24 22:29:42,803 - query: [UPDATE OPTIONS_SNAPSHOT SET DELTA = -0.6400561496446708, GAMMA = 0.0281382417393...]
2025-10-24 22:29:43,415 - query execution done
2025-10-24 22:29:43,416 - query: [UPDATE OPTIONS_SNAPSHOT SET DELTA = -0.7228082658530159, GAMMA = 0.0272951410882...]
2025-10-24 22:29:44,029 - query execution done
2025-10-24 22:29:44,031 - query: [UPDATE OPTIONS_SNAPSHOT SET DELTA = -0.7949988637758183, GAMMA = 0.0241487454732...]
2025-10-24 22:29:44,643 - query execution done
2025-10-24 22:29:44,644 - query: [UPDATE OPTIONS_SNAPSHOT SET DELTA = -0.8802185660886391, GAMMA = 0.0162791936048...]
2025-10-24 22:29:45,362 - query execution done
2025-10-24 22:29:45,364 - query: [UPDATE OPTIONS_SNAPSHOT SET DELTA = -0.9356027402508005, GAMMA = 0.0100122880484...]
2025-10-24 22:29:46,077 - query execution done
2025-10-24 22:29:46,078 - query: [UPDATE OPTIONS_SNAPSHOT SET DELTA = -0.9357625214390751, GAMMA = 0.0081155552299...]
2025-10-24 22:29:46,898 - query execution done
2025-10-24 22:29:46,899 - query: [UPDATE OPTIONS_SNAPSHOT SET DELTA = -0.9432105670148992, GAMMA = 0.0064679220690...]
2025-10-24 22:29:47,512 - query execution done
2025-10-24 22:29:47,513 - query: [UPDATE OPTIONS_SNAPSHOT SET DELTA = -0.9454494756730332, GAMMA = 0.0055045677854...]
2025-10-24 22:29:48,000 - query execution done
2025-10-24 22:29:48,001 - query: [UPDATE OPTIONS_SNAPSHOT SET DELTA = -0.9501945311626268, GAMMA = 0.0046552070266...]
2025-10-24 22:29:48,534 - query execution done
2025-10-24 22:29:48,536 - query: [UPDATE OPTIONS_SNAPSHOT SET DELTA = -0.9571279198236062, GAMMA = 0.0035175843340...]
2025-10-24 22:29:49,149 - query execution done
2025-10-24 22:29:49,149 -    750 contracts updated...
2025-10-24 22:29:49,149 - query: [COMMIT]
2025-10-24 22:29:49,354 - query execution done
2025-10-24 22:29:49,355 - Number of results in first chunk: 1
2025-10-24 22:29:49,356 - query: [UPDATE OPTIONS_SNAPSHOT SET DELTA = -0.9598107044574626, GAMMA = 0.0031190697085...]
2025-10-24 22:29:49,969 - query execution done
2025-10-24 22:29:49,970 - query: [UPDATE OPTIONS_SNAPSHOT SET DELTA = 0.9954099595252797, GAMMA = 0.00014564971074...]
2025-10-24 22:29:50,480 - query execution done
2025-10-24 22:29:50,481 - query: [UPDATE OPTIONS_SNAPSHOT SET DELTA = 0.9949434435773167, GAMMA = 0.00017543845586...]
2025-10-24 22:29:51,199 - query execution done
2025-10-24 22:29:51,201 - query: [UPDATE OPTIONS_SNAPSHOT SET DELTA = 0.9924821042865084, GAMMA = 0.00029650256058...]
2025-10-24 22:29:51,811 - query execution done
2025-10-24 22:29:51,812 - query: [UPDATE OPTIONS_SNAPSHOT SET DELTA = 0.9920998419297785, GAMMA = 0.00032676671218...]
2025-10-24 22:29:52,528 - query execution done
2025-10-24 22:29:52,531 - query: [UPDATE OPTIONS_SNAPSHOT SET DELTA = 0.991663271107559, GAMMA = 0.000361631243123...]
2025-10-24 22:29:53,245 - query execution done
2025-10-24 22:29:53,246 - query: [UPDATE OPTIONS_SNAPSHOT SET DELTA = 0.989162627796699, GAMMA = 0.000495360478032...]
2025-10-24 22:29:53,836 - query execution done
2025-10-24 22:29:53,838 - query: [UPDATE OPTIONS_SNAPSHOT SET DELTA = 0.9918374026247825, GAMMA = 0.00043502188863...]
2025-10-24 22:29:54,551 - query execution done
2025-10-24 22:29:54,553 - query: [UPDATE OPTIONS_SNAPSHOT SET DELTA = 0.9913394499652852, GAMMA = 0.00048702460260...]
2025-10-24 22:29:55,046 - query execution done
2025-10-24 22:29:55,047 - query: [UPDATE OPTIONS_SNAPSHOT SET DELTA = 0.9854239418348315, GAMMA = 0.00074972520409...]
2025-10-24 22:29:55,581 - query execution done
2025-10-24 22:29:55,582 - query: [UPDATE OPTIONS_SNAPSHOT SET DELTA = 0.9873664911619258, GAMMA = 0.00079735406911...]
2025-10-24 22:29:56,218 - query execution done
2025-10-24 22:29:56,220 - query: [UPDATE OPTIONS_SNAPSHOT SET DELTA = 0.9853773996191293, GAMMA = 0.00095744949960...]
2025-10-24 22:29:56,830 - query execution done
2025-10-24 22:29:56,833 - query: [UPDATE OPTIONS_SNAPSHOT SET DELTA = 0.9831740670646698, GAMMA = 0.00114860278084...]
2025-10-24 22:29:57,377 - query execution done
2025-10-24 22:29:57,379 - query: [UPDATE OPTIONS_SNAPSHOT SET DELTA = 0.981822454744208, GAMMA = 0.001328232143934...]
2025-10-24 22:29:57,997 - query execution done
2025-10-24 22:29:57,999 - query: [UPDATE OPTIONS_SNAPSHOT SET DELTA = 0.9730080231725937, GAMMA = 0.00188004055318...]
2025-10-24 22:29:58,908 - query execution done
2025-10-24 22:29:58,911 - query: [UPDATE OPTIONS_SNAPSHOT SET DELTA = 0.9694332114458505, GAMMA = 0.00225817699271...]
2025-10-24 22:29:59,389 - query execution done
2025-10-24 22:29:59,391 - query: [UPDATE OPTIONS_SNAPSHOT SET DELTA = 0.9693212236782872, GAMMA = 0.00255216709026...]
2025-10-24 22:30:00,127 - query execution done
2025-10-24 22:30:00,129 - query: [UPDATE OPTIONS_SNAPSHOT SET DELTA = 0.9244137301821567, GAMMA = 0.00450746635986...]
2025-10-24 22:30:00,818 - query execution done
2025-10-24 22:30:00,820 - query: [UPDATE OPTIONS_SNAPSHOT SET DELTA = 0.9228545312245728, GAMMA = 0.00527771944873...]
2025-10-24 22:30:01,493 - query execution done
2025-10-24 22:30:01,495 - query: [UPDATE OPTIONS_SNAPSHOT SET DELTA = 0.9007225439154031, GAMMA = 0.00676695145722...]
2025-10-24 22:30:02,259 - query execution done
2025-10-24 22:30:02,261 - query: [UPDATE OPTIONS_SNAPSHOT SET DELTA = 0.8949440572747691, GAMMA = 0.00837805589502...]
2025-10-24 22:30:02,771 - query execution done
2025-10-24 22:30:02,773 - query: [UPDATE OPTIONS_SNAPSHOT SET DELTA = 0.8614213573962595, GAMMA = 0.01112131971454...]
2025-10-24 22:30:03,383 - query execution done
2025-10-24 22:30:03,386 - query: [UPDATE OPTIONS_SNAPSHOT SET DELTA = 0.8093395356032843, GAMMA = 0.01475059419001...]
2025-10-24 22:30:04,306 - query execution done
2025-10-24 22:30:04,309 - query: [UPDATE OPTIONS_SNAPSHOT SET DELTA = 0.7342595634897795, GAMMA = 0.01897496457753...]
2025-10-24 22:30:04,882 - query execution done
2025-10-24 22:30:04,883 - query: [UPDATE OPTIONS_SNAPSHOT SET DELTA = 0.6322008743557381, GAMMA = 0.02257105993688...]
2025-10-24 22:30:05,328 - query execution done
2025-10-24 22:30:05,329 - query: [UPDATE OPTIONS_SNAPSHOT SET DELTA = 0.51397904664401, GAMMA = 0.0245077644557487...]
2025-10-24 22:30:05,843 - query execution done
2025-10-24 22:30:05,843 - query: [UPDATE OPTIONS_SNAPSHOT SET DELTA = 0.3908950669226008, GAMMA = 0.02417748646829...]
2025-10-24 22:30:06,353 - query execution done
2025-10-24 22:30:06,355 - query: [UPDATE OPTIONS_SNAPSHOT SET DELTA = 0.2753765311370572, GAMMA = 0.02148748014295...]
2025-10-24 22:30:06,863 - query execution done
2025-10-24 22:30:06,865 - query: [UPDATE OPTIONS_SNAPSHOT SET DELTA = 0.1814199587389152, GAMMA = 0.01708990021251...]
2025-10-24 22:30:07,480 - query execution done
2025-10-24 22:30:07,482 - query: [UPDATE OPTIONS_SNAPSHOT SET DELTA = 0.11355848574127997, GAMMA = 0.0124154304577...]
2025-10-24 22:30:08,195 - query execution done
2025-10-24 22:30:08,197 - query: [UPDATE OPTIONS_SNAPSHOT SET DELTA = 0.06858725518801052, GAMMA = 0.0084327748607...]
2025-10-24 22:30:08,813 - query execution done
2025-10-24 22:30:08,816 - query: [UPDATE OPTIONS_SNAPSHOT SET DELTA = 0.04127092361841335, GAMMA = 0.0055215635522...]
2025-10-24 22:30:09,363 - query execution done
2025-10-24 22:30:09,496 - query: [UPDATE OPTIONS_SNAPSHOT SET DELTA = 0.024734921986626107, GAMMA = 0.003533415577...]
2025-10-24 22:30:10,049 - query execution done
2025-10-24 22:30:10,051 - query: [UPDATE OPTIONS_SNAPSHOT SET DELTA = 0.015878729010514986, GAMMA = 0.002337861682...]
2025-10-24 22:30:10,732 - query execution done
2025-10-24 22:30:10,734 - query: [UPDATE OPTIONS_SNAPSHOT SET DELTA = 0.010160455725737892, GAMMA = 0.001537656963...]
2025-10-24 22:30:11,270 - query execution done
2025-10-24 22:30:11,272 - query: [UPDATE OPTIONS_SNAPSHOT SET DELTA = 0.007002794968260782, GAMMA = 0.001065536443...]
2025-10-24 22:30:11,986 - query execution done
2025-10-24 22:30:11,988 - query: [UPDATE OPTIONS_SNAPSHOT SET DELTA = 0.005363224075789181, GAMMA = 0.000800781099...]
2025-10-24 22:30:12,600 - query execution done
2025-10-24 22:30:12,602 - query: [UPDATE OPTIONS_SNAPSHOT SET DELTA = 0.003887081247136623, GAMMA = 0.000579110761...]
2025-10-24 22:30:13,217 - query execution done
2025-10-24 22:30:13,219 - query: [UPDATE OPTIONS_SNAPSHOT SET DELTA = 0.0036949100722146926, GAMMA = 0.00051862389...]
2025-10-24 22:30:13,758 - query execution done
2025-10-24 22:30:13,761 - query: [UPDATE OPTIONS_SNAPSHOT SET DELTA = 0.0023794400824157596, GAMMA = 0.00034384861...]
2025-10-24 22:30:14,336 - query execution done
2025-10-24 22:30:14,338 - query: [UPDATE OPTIONS_SNAPSHOT SET DELTA = -0.00015540283331727522, GAMMA = 9.332842091...]
2025-10-24 22:30:14,954 - query execution done
2025-10-24 22:30:14,957 - query: [UPDATE OPTIONS_SNAPSHOT SET DELTA = -0.00022495219355500584, GAMMA = 1.512710643...]
2025-10-24 22:30:15,595 - query execution done
2025-10-24 22:30:15,597 - query: [UPDATE OPTIONS_SNAPSHOT SET DELTA = -0.00042567307489915773, GAMMA = 2.909364735...]
2025-10-24 22:30:16,290 - query execution done
2025-10-24 22:30:16,292 - query: [UPDATE OPTIONS_SNAPSHOT SET DELTA = -0.0004806083885766643, GAMMA = 3.4159105372...]
2025-10-24 22:30:16,772 - query execution done
2025-10-24 22:30:16,774 - query: [UPDATE OPTIONS_SNAPSHOT SET DELTA = -0.0005345994749363925, GAMMA = 3.9646628117...]
2025-10-24 22:30:17,312 - query execution done
2025-10-24 22:30:17,314 - query: [UPDATE OPTIONS_SNAPSHOT SET DELTA = -0.0007090827898248442, GAMMA = 5.3300701444...]
2025-10-24 22:30:17,925 - query execution done
2025-10-24 22:30:17,927 - query: [UPDATE OPTIONS_SNAPSHOT SET DELTA = -0.0005114183786572024, GAMMA = 4.3276230277...]
2025-10-24 22:30:18,798 - query execution done
2025-10-24 22:30:18,801 - query: [UPDATE OPTIONS_SNAPSHOT SET DELTA = -0.0005361978072175866, GAMMA = 4.8038710677...]
2025-10-24 22:30:19,359 - query execution done
2025-10-24 22:30:19,362 - query: [UPDATE OPTIONS_SNAPSHOT SET DELTA = -0.000621386812772684, GAMMA = 5.80772618598...]
2025-10-24 22:30:19,974 - query execution done
2025-10-24 22:30:19,977 - query: [UPDATE OPTIONS_SNAPSHOT SET DELTA = -0.0009044965968975083, GAMMA = 8.4873751431...]
2025-10-24 22:30:20,589 - query execution done
2025-10-24 22:30:20,589 -    800 contracts updated...
2025-10-24 22:30:20,590 - query: [COMMIT]
2025-10-24 22:30:20,732 - query execution done
2025-10-24 22:30:20,733 - Number of results in first chunk: 1
2025-10-24 22:30:20,734 - query: [UPDATE OPTIONS_SNAPSHOT SET DELTA = -0.0013067921094370716, GAMMA = 0.0001231178...]
2025-10-24 22:30:21,327 - query execution done
2025-10-24 22:30:21,329 - query: [UPDATE OPTIONS_SNAPSHOT SET DELTA = -0.002806092776220459, GAMMA = 0.00024364526...]
2025-10-24 22:30:22,432 - query execution done
2025-10-24 22:30:22,434 - query: [UPDATE OPTIONS_SNAPSHOT SET DELTA = -0.0021615119670068683, GAMMA = 0.0002149062...]
2025-10-24 22:30:23,062 - query execution done
2025-10-24 22:30:23,063 - query: [UPDATE OPTIONS_SNAPSHOT SET DELTA = -0.002937404540800048, GAMMA = 0.00029708388...]
2025-10-24 22:30:23,659 - query execution done
2025-10-24 22:30:23,661 - query: [UPDATE OPTIONS_SNAPSHOT SET DELTA = -0.003889109506543864, GAMMA = 0.00040287066...]
2025-10-24 22:30:24,276 - query execution done
2025-10-24 22:30:24,278 - query: [UPDATE OPTIONS_SNAPSHOT SET DELTA = -0.0045012294180426515, GAMMA = 0.0004945993...]
2025-10-24 22:30:24,787 - query execution done
2025-10-24 22:30:24,788 - query: [UPDATE OPTIONS_SNAPSHOT SET DELTA = -0.0068103011588883655, GAMMA = 0.0007446913...]
2025-10-24 22:30:25,401 - query execution done
2025-10-24 22:30:25,403 - query: [UPDATE OPTIONS_SNAPSHOT SET DELTA = -0.0082348296972653, GAMMA = 0.0009532024726...]
2025-10-24 22:30:26,016 - query execution done
2025-10-24 22:30:26,018 - query: [UPDATE OPTIONS_SNAPSHOT SET DELTA = -0.011371169268948877, GAMMA = 0.00134892577...]
2025-10-24 22:30:26,541 - query execution done
2025-10-24 22:30:26,544 - query: [UPDATE OPTIONS_SNAPSHOT SET DELTA = -0.016002636223614086, GAMMA = 0.00194025016...]
2025-10-24 22:30:27,140 - query execution done
2025-10-24 22:30:27,141 - query: [UPDATE OPTIONS_SNAPSHOT SET DELTA = -0.02384532272009232, GAMMA = 0.002903116732...]
2025-10-24 22:30:27,962 - query execution done
2025-10-24 22:30:27,963 - query: [UPDATE OPTIONS_SNAPSHOT SET DELTA = -0.037201692872502745, GAMMA = 0.00445561156...]
2025-10-24 22:30:28,575 - query execution done
2025-10-24 22:30:28,576 - query: [UPDATE OPTIONS_SNAPSHOT SET DELTA = -0.06057827426069062, GAMMA = 0.006919949054...]
2025-10-24 22:30:29,702 - query execution done
2025-10-24 22:30:29,704 - query: [UPDATE OPTIONS_SNAPSHOT SET DELTA = -0.09981177261196494, GAMMA = 0.010517573773...]
2025-10-24 22:30:30,318 - query execution done
2025-10-24 22:30:30,320 - query: [UPDATE OPTIONS_SNAPSHOT SET DELTA = -0.16072605589512556, GAMMA = 0.015135053964...]
2025-10-24 22:30:30,929 - query execution done
2025-10-24 22:30:30,931 - query: [UPDATE OPTIONS_SNAPSHOT SET DELTA = -0.24687669609089458, GAMMA = 0.020163494052...]
2025-10-24 22:30:31,544 - query execution done
2025-10-24 22:30:31,545 - query: [UPDATE OPTIONS_SNAPSHOT SET DELTA = -0.35888539005961506, GAMMA = 0.024311319927...]
2025-10-24 22:30:32,159 - query execution done
2025-10-24 22:30:32,160 - query: [UPDATE OPTIONS_SNAPSHOT SET DELTA = -0.48678293368644243, GAMMA = 0.026351011060...]
2025-10-24 22:30:32,877 - query execution done
2025-10-24 22:30:32,879 - query: [UPDATE OPTIONS_SNAPSHOT SET DELTA = -0.6183618115324545, GAMMA = 0.0257372270400...]
2025-10-24 22:30:33,388 - query execution done
2025-10-24 22:30:33,389 - query: [UPDATE OPTIONS_SNAPSHOT SET DELTA = -0.7432323224616586, GAMMA = 0.0225373073146...]
2025-10-24 22:30:33,900 - query execution done
2025-10-24 22:30:33,901 - query: [UPDATE OPTIONS_SNAPSHOT SET DELTA = -0.8312417230527451, GAMMA = 0.0171514587061...]
2025-10-24 22:30:34,513 - query execution done
2025-10-24 22:30:34,515 - query: [UPDATE OPTIONS_SNAPSHOT SET DELTA = -0.8943765141925482, GAMMA = 0.0121799953992...]
2025-10-24 22:30:35,129 - query execution done
2025-10-24 22:30:35,131 - query: [UPDATE OPTIONS_SNAPSHOT SET DELTA = -0.9326024796776318, GAMMA = 0.0070583951675...]
2025-10-24 22:30:35,639 - query execution done
2025-10-24 22:30:35,640 - query: [UPDATE OPTIONS_SNAPSHOT SET DELTA = -0.9354121268135587, GAMMA = 0.0060064704867...]
2025-10-24 22:30:36,351 - query execution done
2025-10-24 22:30:36,352 - query: [UPDATE OPTIONS_SNAPSHOT SET DELTA = -0.9408430413441632, GAMMA = 0.0051028783661...]
2025-10-24 22:30:36,943 - query execution done
2025-10-24 22:30:36,945 - query: [UPDATE OPTIONS_SNAPSHOT SET DELTA = 1.0, GAMMA = 0.0, THETA = 0.0, VEGA = 0.0, R...]
2025-10-24 22:30:37,484 - query execution done
2025-10-24 22:30:37,485 - query: [UPDATE OPTIONS_SNAPSHOT SET DELTA = 1.0, GAMMA = 0.0, THETA = 0.0, VEGA = 0.0, R...]
2025-10-24 22:30:38,098 - query execution done
2025-10-24 22:30:38,098 - query: [UPDATE OPTIONS_SNAPSHOT SET DELTA = 1.0, GAMMA = 0.0, THETA = 0.0, VEGA = 0.0, R...]
2025-10-24 22:30:38,634 - query execution done
2025-10-24 22:30:38,634 - query: [UPDATE OPTIONS_SNAPSHOT SET DELTA = 1.0, GAMMA = 0.0, THETA = 0.0, VEGA = 0.0, R...]
2025-10-24 22:30:39,154 - query execution done
2025-10-24 22:30:39,154 - query: [UPDATE OPTIONS_SNAPSHOT SET DELTA = 1.0, GAMMA = 0.0, THETA = 0.0, VEGA = 0.0, R...]
2025-10-24 22:30:39,755 - query execution done
2025-10-24 22:30:39,756 - query: [UPDATE OPTIONS_SNAPSHOT SET DELTA = 1.0, GAMMA = 0.0, THETA = 0.0, VEGA = 0.0, R...]
2025-10-24 22:30:40,443 - query execution done
2025-10-24 22:30:40,444 - query: [UPDATE OPTIONS_SNAPSHOT SET DELTA = 1.0, GAMMA = 0.0, THETA = 0.0, VEGA = 0.0, R...]
2025-10-24 22:30:41,019 - query execution done
2025-10-24 22:30:41,019 - query: [UPDATE OPTIONS_SNAPSHOT SET DELTA = 1.0, GAMMA = 0.0, THETA = 0.0, VEGA = 0.0, R...]
2025-10-24 22:30:41,544 - query execution done
2025-10-24 22:30:41,544 - query: [UPDATE OPTIONS_SNAPSHOT SET DELTA = 1.0, GAMMA = 0.0, THETA = 0.0, VEGA = 0.0, R...]
2025-10-24 22:30:42,092 - query execution done
2025-10-24 22:30:42,093 - query: [UPDATE OPTIONS_SNAPSHOT SET DELTA = 1.0, GAMMA = 0.0, THETA = 0.0, VEGA = 0.0, R...]
2025-10-24 22:30:42,527 - query execution done
2025-10-24 22:30:42,528 - query: [UPDATE OPTIONS_SNAPSHOT SET DELTA = 1.0, GAMMA = 0.0, THETA = 0.0, VEGA = 0.0, R...]
2025-10-24 22:30:43,055 - query execution done
2025-10-24 22:30:43,055 - query: [UPDATE OPTIONS_SNAPSHOT SET DELTA = 1.0, GAMMA = 0.0, THETA = 0.0, VEGA = 0.0, R...]
2025-10-24 22:30:43,630 - query execution done
2025-10-24 22:30:43,631 - query: [UPDATE OPTIONS_SNAPSHOT SET DELTA = 1.0, GAMMA = 0.0, THETA = 0.0, VEGA = 0.0, R...]
2025-10-24 22:30:44,165 - query execution done
2025-10-24 22:30:44,165 - query: [UPDATE OPTIONS_SNAPSHOT SET DELTA = 1.0, GAMMA = 0.0, THETA = 0.0, VEGA = 0.0, R...]
2025-10-24 22:30:44,651 - query execution done
2025-10-24 22:30:44,652 - query: [UPDATE OPTIONS_SNAPSHOT SET DELTA = 1.0, GAMMA = 0.0, THETA = 0.0, VEGA = 0.0, R...]
2025-10-24 22:30:45,267 - query execution done
2025-10-24 22:30:45,268 - query: [UPDATE OPTIONS_SNAPSHOT SET DELTA = 1.0, GAMMA = 0.0, THETA = 0.0, VEGA = 0.0, R...]
2025-10-24 22:30:45,778 - query execution done
2025-10-24 22:30:45,778 - query: [UPDATE OPTIONS_SNAPSHOT SET DELTA = 1.0, GAMMA = 0.0, THETA = 0.0, VEGA = 0.0, R...]
2025-10-24 22:30:46,802 - query execution done
2025-10-24 22:30:46,803 - query: [UPDATE OPTIONS_SNAPSHOT SET DELTA = 1.0, GAMMA = 0.0, THETA = 0.0, VEGA = 0.0, R...]
2025-10-24 22:30:47,313 - query execution done
2025-10-24 22:30:47,314 - query: [UPDATE OPTIONS_SNAPSHOT SET DELTA = 1.0, GAMMA = 0.0, THETA = 0.0, VEGA = 0.0, R...]
2025-10-24 22:30:47,827 - query execution done
2025-10-24 22:30:47,828 - query: [UPDATE OPTIONS_SNAPSHOT SET DELTA = 1.0, GAMMA = 0.0, THETA = 0.0, VEGA = 0.0, R...]
2025-10-24 22:30:48,451 - query execution done
2025-10-24 22:30:48,452 - query: [UPDATE OPTIONS_SNAPSHOT SET DELTA = 1.0, GAMMA = 0.0, THETA = 0.0, VEGA = 0.0, R...]
2025-10-24 22:30:49,056 - query execution done
2025-10-24 22:30:49,057 - query: [UPDATE OPTIONS_SNAPSHOT SET DELTA = 1.0, GAMMA = 0.0, THETA = 0.0, VEGA = 0.0, R...]
2025-10-24 22:30:49,671 - query execution done
2025-10-24 22:30:49,671 - query: [UPDATE OPTIONS_SNAPSHOT SET DELTA = 1.0, GAMMA = 0.0, THETA = 0.0, VEGA = 0.0, R...]
2025-10-24 22:30:50,357 - query execution done
2025-10-24 22:30:50,358 - query: [UPDATE OPTIONS_SNAPSHOT SET DELTA = 1.0, GAMMA = 0.0, THETA = 0.0, VEGA = 0.0, R...]
2025-10-24 22:30:50,911 - query execution done
2025-10-24 22:30:50,911 - query: [UPDATE OPTIONS_SNAPSHOT SET DELTA = 1.0, GAMMA = 0.0, THETA = 0.0, VEGA = 0.0, R...]
2025-10-24 22:30:51,565 - query execution done
2025-10-24 22:30:51,565 -    850 contracts updated...
2025-10-24 22:30:51,565 - query: [COMMIT]
2025-10-24 22:30:51,715 - query execution done
2025-10-24 22:30:51,715 - Number of results in first chunk: 1
2025-10-24 22:30:51,716 - query: [UPDATE OPTIONS_SNAPSHOT SET DELTA = 1.0, GAMMA = 0.0, THETA = 0.0, VEGA = 0.0, R...]
2025-10-24 22:30:52,199 - query execution done
2025-10-24 22:30:52,200 - query: [UPDATE OPTIONS_SNAPSHOT SET DELTA = 1.0, GAMMA = 0.0, THETA = 0.0, VEGA = 0.0, R...]
2025-10-24 22:30:52,897 - query execution done
2025-10-24 22:30:52,898 - query: [UPDATE OPTIONS_SNAPSHOT SET DELTA = 1.0, GAMMA = 0.0, THETA = 0.0, VEGA = 0.0, R...]
2025-10-24 22:30:53,466 - query execution done
2025-10-24 22:30:53,467 - query: [UPDATE OPTIONS_SNAPSHOT SET DELTA = 1.0, GAMMA = 0.0, THETA = 0.0, VEGA = 0.0, R...]
2025-10-24 22:30:54,057 - query execution done
2025-10-24 22:30:54,058 - query: [UPDATE OPTIONS_SNAPSHOT SET DELTA = 1.0, GAMMA = 0.0, THETA = 0.0, VEGA = 0.0, R...]
2025-10-24 22:30:54,716 - query execution done
2025-10-24 22:30:54,716 - query: [UPDATE OPTIONS_SNAPSHOT SET DELTA = 1.0, GAMMA = 0.0, THETA = 0.0, VEGA = 0.0, R...]
2025-10-24 22:30:55,506 - query execution done
2025-10-24 22:30:55,507 - query: [UPDATE OPTIONS_SNAPSHOT SET DELTA = 1.0, GAMMA = 0.0, THETA = 0.0, VEGA = 0.0, R...]
2025-10-24 22:30:56,121 - query execution done
2025-10-24 22:30:56,122 - query: [UPDATE OPTIONS_SNAPSHOT SET DELTA = 1.0, GAMMA = 0.0, THETA = 0.0, VEGA = 0.0, R...]
2025-10-24 22:30:56,784 - query execution done
2025-10-24 22:30:56,785 - query: [UPDATE OPTIONS_SNAPSHOT SET DELTA = 1.0, GAMMA = 0.0, THETA = 0.0, VEGA = 0.0, R...]
2025-10-24 22:30:57,350 - query execution done
2025-10-24 22:30:57,350 - query: [UPDATE OPTIONS_SNAPSHOT SET DELTA = 1.0, GAMMA = 0.0, THETA = 0.0, VEGA = 0.0, R...]
2025-10-24 22:30:57,965 - query execution done
2025-10-24 22:30:57,966 - query: [UPDATE OPTIONS_SNAPSHOT SET DELTA = 1.0, GAMMA = 0.0, THETA = 0.0, VEGA = 0.0, R...]
2025-10-24 22:30:58,682 - query execution done
2025-10-24 22:30:58,683 - query: [UPDATE OPTIONS_SNAPSHOT SET DELTA = 0.0, GAMMA = 0.0, THETA = 0.0, VEGA = 0.0, R...]
2025-10-24 22:30:59,295 - query execution done
2025-10-24 22:30:59,296 - query: [UPDATE OPTIONS_SNAPSHOT SET DELTA = 0.0, GAMMA = 0.0, THETA = 0.0, VEGA = 0.0, R...]
2025-10-24 22:31:00,116 - query execution done
2025-10-24 22:31:00,116 - query: [UPDATE OPTIONS_SNAPSHOT SET DELTA = 0.0, GAMMA = 0.0, THETA = 0.0, VEGA = 0.0, R...]
2025-10-24 22:31:00,819 - query execution done
2025-10-24 22:31:00,820 - query: [UPDATE OPTIONS_SNAPSHOT SET DELTA = 0.0, GAMMA = 0.0, THETA = 0.0, VEGA = 0.0, R...]
2025-10-24 22:31:01,449 - query execution done
2025-10-24 22:31:01,450 - query: [UPDATE OPTIONS_SNAPSHOT SET DELTA = 0.0, GAMMA = 0.0, THETA = 0.0, VEGA = 0.0, R...]
2025-10-24 22:31:02,061 - query execution done
2025-10-24 22:31:02,062 - query: [UPDATE OPTIONS_SNAPSHOT SET DELTA = 0.0, GAMMA = 0.0, THETA = 0.0, VEGA = 0.0, R...]
2025-10-24 22:31:02,776 - query execution done
2025-10-24 22:31:02,777 - query: [UPDATE OPTIONS_SNAPSHOT SET DELTA = 0.0, GAMMA = 0.0, THETA = 0.0, VEGA = 0.0, R...]
2025-10-24 22:31:03,392 - query execution done
2025-10-24 22:31:03,392 - query: [UPDATE OPTIONS_SNAPSHOT SET DELTA = 0.0, GAMMA = 0.0, THETA = 0.0, VEGA = 0.0, R...]
2025-10-24 22:31:04,005 - query execution done
2025-10-24 22:31:04,006 - query: [UPDATE OPTIONS_SNAPSHOT SET DELTA = 0.0, GAMMA = 0.0, THETA = 0.0, VEGA = 0.0, R...]
2025-10-24 22:31:04,624 - query execution done
2025-10-24 22:31:04,626 - query: [UPDATE OPTIONS_SNAPSHOT SET DELTA = 0.0, GAMMA = 0.0, THETA = 0.0, VEGA = 0.0, R...]
2025-10-24 22:31:05,234 - query execution done
2025-10-24 22:31:05,235 - query: [UPDATE OPTIONS_SNAPSHOT SET DELTA = 0.0, GAMMA = 0.0, THETA = 0.0, VEGA = 0.0, R...]
2025-10-24 22:31:05,842 - query execution done
2025-10-24 22:31:05,843 - query: [UPDATE OPTIONS_SNAPSHOT SET DELTA = 0.0, GAMMA = 0.0, THETA = 0.0, VEGA = 0.0, R...]
2025-10-24 22:31:06,463 - query execution done
2025-10-24 22:31:06,464 - query: [UPDATE OPTIONS_SNAPSHOT SET DELTA = 0.0, GAMMA = 0.0, THETA = 0.0, VEGA = 0.0, R...]
2025-10-24 22:31:07,182 - query execution done
2025-10-24 22:31:07,183 - query: [UPDATE OPTIONS_SNAPSHOT SET DELTA = 0.0, GAMMA = 0.0, THETA = 0.0, VEGA = 0.0, R...]
2025-10-24 22:31:07,794 - query execution done
2025-10-24 22:31:07,795 - query: [UPDATE OPTIONS_SNAPSHOT SET DELTA = 0.0, GAMMA = 0.0, THETA = 0.0, VEGA = 0.0, R...]
2025-10-24 22:31:08,416 - query execution done
2025-10-24 22:31:08,417 - query: [UPDATE OPTIONS_SNAPSHOT SET DELTA = 0.0, GAMMA = 0.0, THETA = 0.0, VEGA = 0.0, R...]
2025-10-24 22:31:09,582 - query execution done
2025-10-24 22:31:09,583 - query: [UPDATE OPTIONS_SNAPSHOT SET DELTA = 0.0, GAMMA = 0.0, THETA = 0.0, VEGA = 0.0, R...]
2025-10-24 22:31:10,254 - query execution done
2025-10-24 22:31:10,255 - query: [UPDATE OPTIONS_SNAPSHOT SET DELTA = 0.0, GAMMA = 0.0, THETA = 0.0, VEGA = 0.0, R...]
2025-10-24 22:31:10,761 - query execution done
2025-10-24 22:31:10,762 - query: [UPDATE OPTIONS_SNAPSHOT SET DELTA = 0.0, GAMMA = 0.0, THETA = 0.0, VEGA = 0.0, R...]
2025-10-24 22:31:11,436 - query execution done
2025-10-24 22:31:11,562 - query: [UPDATE OPTIONS_SNAPSHOT SET DELTA = 0.0, GAMMA = 0.0, THETA = 0.0, VEGA = 0.0, R...]
2025-10-24 22:31:12,108 - query execution done
2025-10-24 22:31:12,108 - query: [UPDATE OPTIONS_SNAPSHOT SET DELTA = 0.0, GAMMA = 0.0, THETA = 0.0, VEGA = 0.0, R...]
2025-10-24 22:31:12,685 - query execution done
2025-10-24 22:31:12,686 - query: [UPDATE OPTIONS_SNAPSHOT SET DELTA = 0.0, GAMMA = 0.0, THETA = 0.0, VEGA = 0.0, R...]
2025-10-24 22:31:13,324 - query execution done
2025-10-24 22:31:13,325 - query: [UPDATE OPTIONS_SNAPSHOT SET DELTA = 0.0, GAMMA = 0.0, THETA = 0.0, VEGA = 0.0, R...]
2025-10-24 22:31:13,836 - query execution done
2025-10-24 22:31:13,837 - query: [UPDATE OPTIONS_SNAPSHOT SET DELTA = 0.0, GAMMA = 0.0, THETA = 0.0, VEGA = 0.0, R...]
2025-10-24 22:31:14,305 - query execution done
2025-10-24 22:31:14,306 - query: [UPDATE OPTIONS_SNAPSHOT SET DELTA = 0.0, GAMMA = 0.0, THETA = 0.0, VEGA = 0.0, R...]
2025-10-24 22:31:14,868 - query execution done
2025-10-24 22:31:14,869 - query: [UPDATE OPTIONS_SNAPSHOT SET DELTA = 0.0, GAMMA = 0.0, THETA = 0.0, VEGA = 0.0, R...]
2025-10-24 22:31:15,577 - query execution done
2025-10-24 22:31:15,577 - query: [UPDATE OPTIONS_SNAPSHOT SET DELTA = 0.0, GAMMA = 0.0, THETA = 0.0, VEGA = 0.0, R...]
2025-10-24 22:31:16,601 - query execution done
2025-10-24 22:31:16,602 - query: [UPDATE OPTIONS_SNAPSHOT SET DELTA = 0.0, GAMMA = 0.0, THETA = 0.0, VEGA = 0.0, R...]
2025-10-24 22:31:17,230 - query execution done
2025-10-24 22:31:17,230 - query: [UPDATE OPTIONS_SNAPSHOT SET DELTA = 0.0, GAMMA = 0.0, THETA = 0.0, VEGA = 0.0, R...]
2025-10-24 22:31:17,729 - query execution done
2025-10-24 22:31:17,730 - query: [UPDATE OPTIONS_SNAPSHOT SET DELTA = 0.0, GAMMA = 0.0, THETA = 0.0, VEGA = 0.0, R...]
2025-10-24 22:31:18,446 - query execution done
2025-10-24 22:31:18,447 - query: [UPDATE OPTIONS_SNAPSHOT SET DELTA = 0.0, GAMMA = 0.0, THETA = 0.0, VEGA = 0.0, R...]
2025-10-24 22:31:19,058 - query execution done
2025-10-24 22:31:19,058 - query: [UPDATE OPTIONS_SNAPSHOT SET DELTA = 0.0, GAMMA = 0.0, THETA = 0.0, VEGA = 0.0, R...]
2025-10-24 22:31:19,775 - query execution done
2025-10-24 22:31:19,776 - query: [UPDATE OPTIONS_SNAPSHOT SET DELTA = 0.0, GAMMA = 0.0, THETA = 0.0, VEGA = 0.0, R...]
2025-10-24 22:31:20,491 - query execution done
2025-10-24 22:31:20,491 - query: [UPDATE OPTIONS_SNAPSHOT SET DELTA = 0.0, GAMMA = 0.0, THETA = 0.0, VEGA = 0.0, R...]
2025-10-24 22:31:20,938 - query execution done
2025-10-24 22:31:20,939 - query: [UPDATE OPTIONS_SNAPSHOT SET DELTA = 0.0, GAMMA = 0.0, THETA = 0.0, VEGA = 0.0, R...]
2025-10-24 22:31:21,519 - query execution done
2025-10-24 22:31:21,520 - query: [UPDATE OPTIONS_SNAPSHOT SET DELTA = 0.0, GAMMA = 0.0, THETA = 0.0, VEGA = 0.0, R...]
2025-10-24 22:31:22,130 - query execution done
2025-10-24 22:31:22,131 - query: [UPDATE OPTIONS_SNAPSHOT SET DELTA = 0.0, GAMMA = 0.0, THETA = 0.0, VEGA = 0.0, R...]
2025-10-24 22:31:22,746 - query execution done
2025-10-24 22:31:22,747 - query: [UPDATE OPTIONS_SNAPSHOT SET DELTA = 0.0, GAMMA = 0.0, THETA = 0.0, VEGA = 0.0, R...]
2025-10-24 22:31:23,258 - query execution done
2025-10-24 22:31:23,259 - query: [UPDATE OPTIONS_SNAPSHOT SET DELTA = 0.0, GAMMA = 0.0, THETA = 0.0, VEGA = 0.0, R...]
2025-10-24 22:31:23,872 - query execution done
2025-10-24 22:31:23,872 -    900 contracts updated...
2025-10-24 22:31:23,873 - query: [COMMIT]
2025-10-24 22:31:24,074 - query execution done
2025-10-24 22:31:24,075 - Number of results in first chunk: 1
2025-10-24 22:31:24,076 - query: [UPDATE OPTIONS_SNAPSHOT SET DELTA = 0.0, GAMMA = 0.0, THETA = 0.0, VEGA = 0.0, R...]
2025-10-24 22:31:24,691 - query execution done
2025-10-24 22:31:24,691 - query: [UPDATE OPTIONS_SNAPSHOT SET DELTA = 0.0, GAMMA = 0.0, THETA = 0.0, VEGA = 0.0, R...]
2025-10-24 22:31:25,259 - query execution done
2025-10-24 22:31:25,259 - query: [UPDATE OPTIONS_SNAPSHOT SET DELTA = 0.0, GAMMA = 0.0, THETA = 0.0, VEGA = 0.0, R...]
2025-10-24 22:31:25,795 - query execution done
2025-10-24 22:31:25,795 - query: [UPDATE OPTIONS_SNAPSHOT SET DELTA = 0.0, GAMMA = 0.0, THETA = 0.0, VEGA = 0.0, R...]
2025-10-24 22:31:26,356 - query execution done
2025-10-24 22:31:26,357 - query: [UPDATE OPTIONS_SNAPSHOT SET DELTA = 0.0, GAMMA = 0.0, THETA = 0.0, VEGA = 0.0, R...]
2025-10-24 22:31:26,949 - query execution done
2025-10-24 22:31:26,950 - query: [UPDATE OPTIONS_SNAPSHOT SET DELTA = 0.0, GAMMA = 0.0, THETA = 0.0, VEGA = 0.0, R...]
2025-10-24 22:31:27,502 - query execution done
2025-10-24 22:31:27,503 - query: [UPDATE OPTIONS_SNAPSHOT SET DELTA = 0.0, GAMMA = 0.0, THETA = 0.0, VEGA = 0.0, R...]
2025-10-24 22:31:28,173 - query execution done
2025-10-24 22:31:28,174 - query: [UPDATE OPTIONS_SNAPSHOT SET DELTA = 0.0, GAMMA = 0.0, THETA = 0.0, VEGA = 0.0, R...]
2025-10-24 22:31:29,202 - query execution done
2025-10-24 22:31:29,202 - query: [UPDATE OPTIONS_SNAPSHOT SET DELTA = 0.0, GAMMA = 0.0, THETA = 0.0, VEGA = 0.0, R...]
2025-10-24 22:31:29,916 - query execution done
2025-10-24 22:31:29,917 - query: [UPDATE OPTIONS_SNAPSHOT SET DELTA = 0.0, GAMMA = 0.0, THETA = 0.0, VEGA = 0.0, R...]
2025-10-24 22:31:30,529 - query execution done
2025-10-24 22:31:30,530 - query: [UPDATE OPTIONS_SNAPSHOT SET DELTA = 0.0, GAMMA = 0.0, THETA = 0.0, VEGA = 0.0, R...]
2025-10-24 22:31:31,141 - query execution done
2025-10-24 22:31:31,142 - query: [UPDATE OPTIONS_SNAPSHOT SET DELTA = 0.0, GAMMA = 0.0, THETA = 0.0, VEGA = 0.0, R...]
2025-10-24 22:31:31,962 - query execution done
2025-10-24 22:31:31,962 - query: [UPDATE OPTIONS_SNAPSHOT SET DELTA = 0.0, GAMMA = 0.0, THETA = 0.0, VEGA = 0.0, R...]
2025-10-24 22:31:32,575 - query execution done
2025-10-24 22:31:32,576 - query: [UPDATE OPTIONS_SNAPSHOT SET DELTA = 0.0, GAMMA = 0.0, THETA = 0.0, VEGA = 0.0, R...]
2025-10-24 22:31:33,190 - query execution done
2025-10-24 22:31:33,191 - query: [UPDATE OPTIONS_SNAPSHOT SET DELTA = 0.0, GAMMA = 0.0, THETA = 0.0, VEGA = 0.0, R...]
2025-10-24 22:31:33,755 - query execution done
2025-10-24 22:31:33,755 - query: [UPDATE OPTIONS_SNAPSHOT SET DELTA = 0.0, GAMMA = 0.0, THETA = 0.0, VEGA = 0.0, R...]
2025-10-24 22:31:34,314 - query execution done
2025-10-24 22:31:34,316 - query: [UPDATE OPTIONS_SNAPSHOT SET DELTA = -1.0, GAMMA = 0.0, THETA = 0.0, VEGA = 0.0, ...]
2025-10-24 22:31:34,931 - query execution done
2025-10-24 22:31:34,931 - query: [UPDATE OPTIONS_SNAPSHOT SET DELTA = -1.0, GAMMA = 0.0, THETA = 0.0, VEGA = 0.0, ...]
2025-10-24 22:31:35,545 - query execution done
2025-10-24 22:31:35,545 - query: [UPDATE OPTIONS_SNAPSHOT SET DELTA = -1.0, GAMMA = 0.0, THETA = 0.0, VEGA = 0.0, ...]
2025-10-24 22:31:36,161 - query execution done
2025-10-24 22:31:36,162 - query: [UPDATE OPTIONS_SNAPSHOT SET DELTA = -1.0, GAMMA = 0.0, THETA = 0.0, VEGA = 0.0, ...]
2025-10-24 22:31:36,773 - query execution done
2025-10-24 22:31:36,774 - query: [UPDATE OPTIONS_SNAPSHOT SET DELTA = -1.0, GAMMA = 0.0, THETA = 0.0, VEGA = 0.0, ...]
2025-10-24 22:31:37,492 - query execution done
2025-10-24 22:31:37,493 - query: [UPDATE OPTIONS_SNAPSHOT SET DELTA = -1.0, GAMMA = 0.0, THETA = 0.0, VEGA = 0.0, ...]
2025-10-24 22:31:38,003 - query execution done
2025-10-24 22:31:38,003 - query: [UPDATE OPTIONS_SNAPSHOT SET DELTA = -1.0, GAMMA = 0.0, THETA = 0.0, VEGA = 0.0, ...]
2025-10-24 22:31:38,618 - query execution done
2025-10-24 22:31:38,619 - query: [UPDATE OPTIONS_SNAPSHOT SET DELTA = -1.0, GAMMA = 0.0, THETA = 0.0, VEGA = 0.0, ...]
2025-10-24 22:31:39,130 - query execution done
2025-10-24 22:31:39,131 - query: [UPDATE OPTIONS_SNAPSHOT SET DELTA = -1.0, GAMMA = 0.0, THETA = 0.0, VEGA = 0.0, ...]
2025-10-24 22:31:39,742 - query execution done
2025-10-24 22:31:39,742 - query: [UPDATE OPTIONS_SNAPSHOT SET DELTA = -1.0, GAMMA = 0.0, THETA = 0.0, VEGA = 0.0, ...]
2025-10-24 22:31:40,256 - query execution done
2025-10-24 22:31:40,257 - query: [UPDATE OPTIONS_SNAPSHOT SET DELTA = -1.0, GAMMA = 0.0, THETA = 0.0, VEGA = 0.0, ...]
2025-10-24 22:31:40,841 - query execution done
2025-10-24 22:31:40,841 - query: [UPDATE OPTIONS_SNAPSHOT SET DELTA = -1.0, GAMMA = 0.0, THETA = 0.0, VEGA = 0.0, ...]
2025-10-24 22:31:41,382 - query execution done
2025-10-24 22:31:41,382 - query: [UPDATE OPTIONS_SNAPSHOT SET DELTA = -1.0, GAMMA = 0.0, THETA = 0.0, VEGA = 0.0, ...]
2025-10-24 22:31:41,997 - query execution done
2025-10-24 22:31:42,000 - query: [UPDATE OPTIONS_SNAPSHOT SET DELTA = 0.9971862581191606, GAMMA = 0.00013804208855...]
2025-10-24 22:31:42,500 - query execution done
2025-10-24 22:31:42,502 - query: [UPDATE OPTIONS_SNAPSHOT SET DELTA = 0.996176814990015, GAMMA = 0.000197093508896...]
2025-10-24 22:31:43,123 - query execution done
2025-10-24 22:31:43,129 - query: [UPDATE OPTIONS_SNAPSHOT SET DELTA = 0.9959756461640515, GAMMA = 0.00021818149244...]
2025-10-24 22:31:43,737 - query execution done
2025-10-24 22:31:43,739 - query: [UPDATE OPTIONS_SNAPSHOT SET DELTA = 0.9951934385778717, GAMMA = 0.00030446589720...]
2025-10-24 22:31:44,353 - query execution done
2025-10-24 22:31:44,355 - query: [UPDATE OPTIONS_SNAPSHOT SET DELTA = 0.9948908256879065, GAMMA = 0.00034217515066...]
2025-10-24 22:31:44,964 - query execution done
2025-10-24 22:31:44,965 - query: [UPDATE OPTIONS_SNAPSHOT SET DELTA = 0.9945546869401782, GAMMA = 0.00038635501413...]
2025-10-24 22:31:45,684 - query execution done
2025-10-24 22:31:45,686 - query: [UPDATE OPTIONS_SNAPSHOT SET DELTA = 0.9931622494762469, GAMMA = 0.00049358169344...]
2025-10-24 22:31:46,400 - query execution done
2025-10-24 22:31:46,402 - query: [UPDATE OPTIONS_SNAPSHOT SET DELTA = 0.9916189675088751, GAMMA = 0.00062010096837...]
2025-10-24 22:31:47,067 - query execution done
2025-10-24 22:31:47,069 - query: [UPDATE OPTIONS_SNAPSHOT SET DELTA = 0.9910053175069461, GAMMA = 0.00071049414490...]
2025-10-24 22:31:47,731 - query execution done
2025-10-24 22:31:47,733 - query: [UPDATE OPTIONS_SNAPSHOT SET DELTA = 0.9869089727120196, GAMMA = 0.00101013518076...]
2025-10-24 22:31:48,348 - query execution done
2025-10-24 22:31:48,349 - query: [UPDATE OPTIONS_SNAPSHOT SET DELTA = 0.9893800843522301, GAMMA = 0.00096367911902...]
2025-10-24 22:31:48,962 - query execution done
2025-10-24 22:31:48,963 - query: [UPDATE OPTIONS_SNAPSHOT SET DELTA = 0.9897898965251528, GAMMA = 0.00104028541865...]
2025-10-24 22:31:49,565 - query execution done
2025-10-24 22:31:49,568 - query: [UPDATE OPTIONS_SNAPSHOT SET DELTA = 0.9936850820925456, GAMMA = 0.00082325738523...]
2025-10-24 22:31:50,035 - query execution done
2025-10-24 22:31:50,036 - query: [UPDATE OPTIONS_SNAPSHOT SET DELTA = 0.9826186815913821, GAMMA = 0.00189175342039...]
2025-10-24 22:31:50,620 - query execution done
2025-10-24 22:31:50,622 - query: [UPDATE OPTIONS_SNAPSHOT SET DELTA = 0.9841789280628277, GAMMA = 0.00203901052440...]
2025-10-24 22:31:51,216 - query execution done
2025-10-24 22:31:51,218 - query: [UPDATE OPTIONS_SNAPSHOT SET DELTA = 0.9812502314619787, GAMMA = 0.00245619959112...]
2025-10-24 22:31:51,827 - query execution done
2025-10-24 22:31:51,829 - query: [UPDATE OPTIONS_SNAPSHOT SET DELTA = 0.9516945040387298, GAMMA = 0.00460683334241...]
2025-10-24 22:31:52,443 - query execution done
2025-10-24 22:31:52,445 - query: [UPDATE OPTIONS_SNAPSHOT SET DELTA = 0.9155911463662834, GAMMA = 0.00634391557106...]
2025-10-24 22:31:52,953 - query execution done
2025-10-24 22:31:52,955 - query: [UPDATE OPTIONS_SNAPSHOT SET DELTA = 0.9197012997717675, GAMMA = 0.00685082705260...]
2025-10-24 22:31:53,467 - query execution done
2025-10-24 22:31:53,468 - query: [UPDATE OPTIONS_SNAPSHOT SET DELTA = 0.9408391888857105, GAMMA = 0.00670639505656...]
2025-10-24 22:31:54,081 - query execution done
2025-10-24 22:31:54,083 - query: [UPDATE OPTIONS_SNAPSHOT SET DELTA = 0.9256647250949281, GAMMA = 0.00823649832312...]
2025-10-24 22:31:54,593 - query execution done
2025-10-24 22:31:54,594 -    950 contracts updated...
2025-10-24 22:31:54,594 - query: [COMMIT]
2025-10-24 22:31:54,732 - query execution done
2025-10-24 22:31:54,732 - Number of results in first chunk: 1
2025-10-24 22:31:54,734 - query: [UPDATE OPTIONS_SNAPSHOT SET DELTA = 0.9028866561675513, GAMMA = 0.01017420176586...]
2025-10-24 22:31:55,309 - query execution done
2025-10-24 22:31:55,311 - query: [UPDATE OPTIONS_SNAPSHOT SET DELTA = 0.8940737791743201, GAMMA = 0.01194520468094...]
2025-10-24 22:31:56,336 - query execution done
2025-10-24 22:31:56,337 - query: [UPDATE OPTIONS_SNAPSHOT SET DELTA = 0.8668492164267976, GAMMA = 0.01455398005754...]
2025-10-24 22:31:56,949 - query execution done
2025-10-24 22:31:56,952 - query: [UPDATE OPTIONS_SNAPSHOT SET DELTA = 0.8337642090588855, GAMMA = 0.01757690555341...]
2025-10-24 22:31:57,461 - query execution done
2025-10-24 22:31:57,464 - query: [UPDATE OPTIONS_SNAPSHOT SET DELTA = 0.782199063807948, GAMMA = 0.020596348795046...]
2025-10-24 22:31:58,074 - query execution done
2025-10-24 22:31:58,076 - query: [UPDATE OPTIONS_SNAPSHOT SET DELTA = 0.73272312686926, GAMMA = 0.0239692388141518...]
2025-10-24 22:31:58,792 - query execution done
2025-10-24 22:31:58,795 - query: [UPDATE OPTIONS_SNAPSHOT SET DELTA = 0.6676299781407005, GAMMA = 0.02640262102592...]
2025-10-24 22:31:59,713 - query execution done
2025-10-24 22:31:59,714 - query: [UPDATE OPTIONS_SNAPSHOT SET DELTA = 0.5996343798154152, GAMMA = 0.02861043384392...]
2025-10-24 22:32:00,326 - query execution done
2025-10-24 22:32:00,328 - query: [UPDATE OPTIONS_SNAPSHOT SET DELTA = 0.5265754355329444, GAMMA = 0.03035967122676...]
2025-10-24 22:32:00,890 - query execution done
2025-10-24 22:32:00,892 - query: [UPDATE OPTIONS_SNAPSHOT SET DELTA = 0.4504046990467529, GAMMA = 0.03041854818471...]
2025-10-24 22:32:01,556 - query execution done
2025-10-24 22:32:01,558 - query: [UPDATE OPTIONS_SNAPSHOT SET DELTA = 0.3748928288619262, GAMMA = 0.02950845333669...]
2025-10-24 22:32:02,170 - query execution done
2025-10-24 22:32:02,172 - query: [UPDATE OPTIONS_SNAPSHOT SET DELTA = 0.3050371866760684, GAMMA = 0.02729990222636...]
2025-10-24 22:32:02,788 - query execution done
2025-10-24 22:32:02,790 - query: [UPDATE OPTIONS_SNAPSHOT SET DELTA = 0.24130003906633402, GAMMA = 0.0244086316472...]
2025-10-24 22:32:03,605 - query execution done
2025-10-24 22:32:03,607 - query: [UPDATE OPTIONS_SNAPSHOT SET DELTA = 0.18496557200673247, GAMMA = 0.0210407410081...]
2025-10-24 22:32:04,218 - query execution done
2025-10-24 22:32:04,219 - query: [UPDATE OPTIONS_SNAPSHOT SET DELTA = 0.13942215861285423, GAMMA = 0.0174790209461...]
2025-10-24 22:32:04,933 - query execution done
2025-10-24 22:32:04,933 - query: [UPDATE OPTIONS_SNAPSHOT SET DELTA = 0.1027943180858999, GAMMA = 0.01407148328019...]
2025-10-24 22:32:05,652 - query execution done
2025-10-24 22:32:05,655 - query: [UPDATE OPTIONS_SNAPSHOT SET DELTA = 0.07536840451759698, GAMMA = 0.0110731924372...]
2025-10-24 22:32:06,163 - query execution done
2025-10-24 22:32:06,165 - query: [UPDATE OPTIONS_SNAPSHOT SET DELTA = 0.054895327350157216, GAMMA = 0.008561550535...]
2025-10-24 22:32:06,792 - query execution done
2025-10-24 22:32:06,794 - query: [UPDATE OPTIONS_SNAPSHOT SET DELTA = 0.029357542008057857, GAMMA = 0.004993921016...]
2025-10-24 22:32:07,318 - query execution done
2025-10-24 22:32:07,319 - query: [UPDATE OPTIONS_SNAPSHOT SET DELTA = 0.01634090654777694, GAMMA = 0.0029251614521...]
2025-10-24 22:32:07,903 - query execution done
2025-10-24 22:32:07,904 - query: [UPDATE OPTIONS_SNAPSHOT SET DELTA = 0.009122594565109186, GAMMA = 0.001700220921...]
2025-10-24 22:32:08,520 - query execution done
2025-10-24 22:32:08,522 - query: [UPDATE OPTIONS_SNAPSHOT SET DELTA = 0.006146249570065811, GAMMA = 0.001131202166...]
2025-10-24 22:32:09,030 - query execution done
2025-10-24 22:32:09,031 - query: [UPDATE OPTIONS_SNAPSHOT SET DELTA = 0.004541038897852075, GAMMA = 0.000811611569...]
2025-10-24 22:32:09,543 - query execution done
2025-10-24 22:32:09,545 - query: [UPDATE OPTIONS_SNAPSHOT SET DELTA = 0.0032556219594600195, GAMMA = 0.00057245487...]
2025-10-24 22:32:10,156 - query execution done
2025-10-24 22:32:10,158 - query: [UPDATE OPTIONS_SNAPSHOT SET DELTA = 0.0009945292802072232, GAMMA = 0.00020313457...]
2025-10-24 22:32:10,632 - query execution done
2025-10-24 22:32:10,633 - query: [UPDATE OPTIONS_SNAPSHOT SET DELTA = 0.007028482426067867, GAMMA = 0.000878946216...]
2025-10-24 22:32:11,214 - query execution done
2025-10-24 22:32:11,216 - query: [UPDATE OPTIONS_SNAPSHOT SET DELTA = 0.0008450269325281474, GAMMA = 0.00015369585...]
2025-10-24 22:32:11,820 - query execution done
2025-10-24 22:32:11,821 - query: [UPDATE OPTIONS_SNAPSHOT SET DELTA = -0.00010013208941195284, GAMMA = 6.222539426...]
2025-10-24 22:32:12,326 - query execution done
2025-10-24 22:32:12,462 - query: [UPDATE OPTIONS_SNAPSHOT SET DELTA = 0.0, GAMMA = 1.8741638388417674e-30, THETA =...]
2025-10-24 22:32:13,317 - query execution done
2025-10-24 22:32:13,319 - query: [UPDATE OPTIONS_SNAPSHOT SET DELTA = -0.00011409822011620996, GAMMA = 8.206588349...]
2025-10-24 22:32:13,862 - query execution done
2025-10-24 22:32:13,863 - query: [UPDATE OPTIONS_SNAPSHOT SET DELTA = -0.0001363484140298743, GAMMA = 1.0120781293...]
2025-10-24 22:32:14,401 - query execution done
2025-10-24 22:32:14,402 - query: [UPDATE OPTIONS_SNAPSHOT SET DELTA = -0.00016012414465460534, GAMMA = 1.229995862...]
2025-10-24 22:32:15,016 - query execution done
2025-10-24 22:32:15,017 - query: [UPDATE OPTIONS_SNAPSHOT SET DELTA = -0.0001848995757816052, GAMMA = 1.4741917414...]
2025-10-24 22:32:15,674 - query execution done
2025-10-24 22:32:15,675 - query: [UPDATE OPTIONS_SNAPSHOT SET DELTA = -0.00015118852591022858, GAMMA = 1.315052135...]
2025-10-24 22:32:16,524 - query execution done
2025-10-24 22:32:16,526 - query: [UPDATE OPTIONS_SNAPSHOT SET DELTA = -0.00016664131274635174, GAMMA = 1.518339471...]
2025-10-24 22:32:17,085 - query execution done
2025-10-24 22:32:17,087 - query: [UPDATE OPTIONS_SNAPSHOT SET DELTA = -0.002922130032943948, GAMMA = 0.00017077307...]
2025-10-24 22:32:17,734 - query execution done
2025-10-24 22:32:17,735 - query: [UPDATE OPTIONS_SNAPSHOT SET DELTA = -0.00304990326880783, GAMMA = 0.000188228555...]
2025-10-24 22:32:18,235 - query execution done
2025-10-24 22:32:18,237 - query: [UPDATE OPTIONS_SNAPSHOT SET DELTA = -0.0001974295365179124, GAMMA = 2.1235241283...]
2025-10-24 22:32:18,757 - query execution done
2025-10-24 22:32:18,762 - query: [UPDATE OPTIONS_SNAPSHOT SET DELTA = -0.0004485192619140266, GAMMA = 4.5577311431...]
2025-10-24 22:32:19,374 - query execution done
2025-10-24 22:32:19,375 - query: [UPDATE OPTIONS_SNAPSHOT SET DELTA = -0.00046634965920500093, GAMMA = 5.051279423...]
2025-10-24 22:32:19,988 - query execution done
2025-10-24 22:32:19,992 - query: [UPDATE OPTIONS_SNAPSHOT SET DELTA = -0.0003041248681836528, GAMMA = 3.7881160060...]
2025-10-24 22:32:20,496 - query execution done
2025-10-24 22:32:20,498 - query: [UPDATE OPTIONS_SNAPSHOT SET DELTA = -0.0035652324970424365, GAMMA = 0.0003030631...]
2025-10-24 22:32:21,148 - query execution done
2025-10-24 22:32:21,151 - query: [UPDATE OPTIONS_SNAPSHOT SET DELTA = -0.0009007195010433122, GAMMA = 0.0001097664...]
2025-10-24 22:32:21,832 - query execution done
2025-10-24 22:32:21,835 - query: [UPDATE OPTIONS_SNAPSHOT SET DELTA = -0.003960189521448609, GAMMA = 0.00038772052...]
2025-10-24 22:32:22,457 - query execution done
2025-10-24 22:32:22,459 - query: [UPDATE OPTIONS_SNAPSHOT SET DELTA = -0.0013880766492625485, GAMMA = 0.0001859083...]
2025-10-24 22:32:23,052 - query execution done
2025-10-24 22:32:23,054 - query: [UPDATE OPTIONS_SNAPSHOT SET DELTA = -0.001450388279331749, GAMMA = 0.00021200207...]
2025-10-24 22:32:23,599 - query execution done
2025-10-24 22:32:23,600 - query: [UPDATE OPTIONS_SNAPSHOT SET DELTA = -0.0019191794169239884, GAMMA = 0.0002942082...]
2025-10-24 22:32:24,204 - query execution done
2025-10-24 22:32:24,206 - query: [UPDATE OPTIONS_SNAPSHOT SET DELTA = -0.002990826367487154, GAMMA = 0.00046672044...]
2025-10-24 22:32:24,868 - query execution done
2025-10-24 22:32:24,870 - query: [UPDATE OPTIONS_SNAPSHOT SET DELTA = -0.0054216534146236395, GAMMA = 0.0008311816...]
2025-10-24 22:32:25,472 - query execution done
2025-10-24 22:32:25,474 - query: [UPDATE OPTIONS_SNAPSHOT SET DELTA = -0.006964155083527324, GAMMA = 0.00114657564...]
2025-10-24 22:32:26,121 - query execution done
2025-10-24 22:32:26,121 -    1000 contracts updated...
2025-10-24 22:32:26,122 - query: [COMMIT]
2025-10-24 22:32:26,283 - query execution done
2025-10-24 22:32:26,284 - Number of results in first chunk: 1
2025-10-24 22:32:26,286 - query: [UPDATE OPTIONS_SNAPSHOT SET DELTA = -0.00926505815565315, GAMMA = 0.001518272616...]
2025-10-24 22:32:26,950 - query execution done
2025-10-24 22:32:26,951 - query: [UPDATE OPTIONS_SNAPSHOT SET DELTA = -0.010983156644014835, GAMMA = 0.00185349746...]
2025-10-24 22:32:27,480 - query execution done
2025-10-24 22:32:27,482 - query: [UPDATE OPTIONS_SNAPSHOT SET DELTA = -0.014762662987127695, GAMMA = 0.00247279705...]
2025-10-24 22:32:28,078 - query execution done
2025-10-24 22:32:28,080 - query: [UPDATE OPTIONS_SNAPSHOT SET DELTA = -0.019881997099640447, GAMMA = 0.00329775344...]
2025-10-24 22:32:28,690 - query execution done
2025-10-24 22:32:28,691 - query: [UPDATE OPTIONS_SNAPSHOT SET DELTA = -0.027411387085196304, GAMMA = 0.00445087893...]
2025-10-24 22:32:29,206 - query execution done
2025-10-24 22:32:29,207 - query: [UPDATE OPTIONS_SNAPSHOT SET DELTA = -0.03787664908796318, GAMMA = 0.005984735049...]
2025-10-24 22:32:29,920 - query execution done
2025-10-24 22:32:29,921 - query: [UPDATE OPTIONS_SNAPSHOT SET DELTA = -0.05388929982465174, GAMMA = 0.008104156202...]
2025-10-24 22:32:30,494 - query execution done
2025-10-24 22:32:30,495 - query: [UPDATE OPTIONS_SNAPSHOT SET DELTA = -0.07576276458571995, GAMMA = 0.010759660620...]
2025-10-24 22:32:31,151 - query execution done
2025-10-24 22:32:31,153 - query: [UPDATE OPTIONS_SNAPSHOT SET DELTA = -0.1058365276595129, GAMMA = 0.0139815521523...]
2025-10-24 22:32:31,700 - query execution done
2025-10-24 22:32:31,702 - query: [UPDATE OPTIONS_SNAPSHOT SET DELTA = -0.14613065549927562, GAMMA = 0.017623921001...]
2025-10-24 22:32:32,189 - query execution done
2025-10-24 22:32:32,191 - query: [UPDATE OPTIONS_SNAPSHOT SET DELTA = -0.19526625559093302, GAMMA = 0.021401028309...]
2025-10-24 22:32:32,787 - query execution done
2025-10-24 22:32:32,789 - query: [UPDATE OPTIONS_SNAPSHOT SET DELTA = -0.25444533381921164, GAMMA = 0.024988020242...]
2025-10-24 22:32:33,299 - query execution done
2025-10-24 22:32:33,301 - query: [UPDATE OPTIONS_SNAPSHOT SET DELTA = -0.32190457321593136, GAMMA = 0.028035947403...]
2025-10-24 22:32:33,833 - query execution done
2025-10-24 22:32:33,834 - query: [UPDATE OPTIONS_SNAPSHOT SET DELTA = -0.394711184753453, GAMMA = 0.03056261310216...]
2025-10-24 22:32:34,427 - query execution done
2025-10-24 22:32:34,429 - query: [UPDATE OPTIONS_SNAPSHOT SET DELTA = -0.47312164316509875, GAMMA = 0.031656082128...]
2025-10-24 22:32:35,011 - query execution done
2025-10-24 22:32:35,012 - query: [UPDATE OPTIONS_SNAPSHOT SET DELTA = -0.5525723689214703, GAMMA = 0.0317099338069...]
2025-10-24 22:32:35,633 - query execution done
2025-10-24 22:32:35,635 - query: [UPDATE OPTIONS_SNAPSHOT SET DELTA = -0.6300799575285732, GAMMA = 0.0304348362137...]
2025-10-24 22:32:36,174 - query execution done
2025-10-24 22:32:36,176 - query: [UPDATE OPTIONS_SNAPSHOT SET DELTA = -0.689466035115857, GAMMA = 0.02674635324061...]
2025-10-24 22:32:36,783 - query execution done
2025-10-24 22:32:36,784 - query: [UPDATE OPTIONS_SNAPSHOT SET DELTA = -0.7951184885696104, GAMMA = 0.0206815866970...]
2025-10-24 22:32:37,498 - query execution done
2025-10-24 22:32:37,501 - query: [UPDATE OPTIONS_SNAPSHOT SET DELTA = -0.8829019793054813, GAMMA = 0.0145563522754...]
2025-10-24 22:32:38,112 - query execution done
2025-10-24 22:32:38,114 - query: [UPDATE OPTIONS_SNAPSHOT SET DELTA = -0.9112458862826966, GAMMA = 0.0105091983548...]
2025-10-24 22:32:38,697 - query execution done
2025-10-24 22:32:38,699 - query: [UPDATE OPTIONS_SNAPSHOT SET DELTA = -0.9295763652822063, GAMMA = 0.0079188026902...]
2025-10-24 22:32:39,547 - query execution done
2025-10-24 22:32:39,549 - query: [UPDATE OPTIONS_SNAPSHOT SET DELTA = -0.9305695152599653, GAMMA = 0.0067213009089...]
2025-10-24 22:32:40,262 - query execution done
2025-10-24 22:32:40,264 - query: [UPDATE OPTIONS_SNAPSHOT SET DELTA = -0.9430348313453153, GAMMA = 0.0053671162233...]
2025-10-24 22:32:40,748 - query execution done
2025-10-24 22:32:40,751 - query: [UPDATE OPTIONS_SNAPSHOT SET DELTA = -0.9515415407359388, GAMMA = 0.0039802963747...]
2025-10-24 22:32:41,494 - query execution done
2025-10-24 22:32:41,496 - query: [UPDATE OPTIONS_SNAPSHOT SET DELTA = -0.9497524443897479, GAMMA = 0.0037062430489...]
2025-10-24 22:32:42,176 - query execution done
2025-10-24 22:32:42,178 - query: [UPDATE OPTIONS_SNAPSHOT SET DELTA = 0.9958663108577913, GAMMA = 0.00013106096297...]
2025-10-24 22:32:42,825 - query execution done
2025-10-24 22:32:42,826 - query: [UPDATE OPTIONS_SNAPSHOT SET DELTA = 0.9949322421367778, GAMMA = 0.00017065186484...]
2025-10-24 22:32:43,436 - query execution done
2025-10-24 22:32:43,437 - query: [UPDATE OPTIONS_SNAPSHOT SET DELTA = 0.9925610219784572, GAMMA = 0.00028464650192...]
2025-10-24 22:32:44,155 - query execution done
2025-10-24 22:32:44,156 - query: [UPDATE OPTIONS_SNAPSHOT SET DELTA = 0.992171689438294, GAMMA = 0.000313656361059...]
2025-10-24 22:32:44,729 - query execution done
2025-10-24 22:32:44,731 - query: [UPDATE OPTIONS_SNAPSHOT SET DELTA = 0.9917311852311252, GAMMA = 0.00034692301904...]
2025-10-24 22:32:45,383 - query execution done
2025-10-24 22:32:45,385 - query: [UPDATE OPTIONS_SNAPSHOT SET DELTA = 0.9908016595106732, GAMMA = 0.00042525552975...]
2025-10-24 22:32:46,002 - query execution done
2025-10-24 22:32:46,003 - query: [UPDATE OPTIONS_SNAPSHOT SET DELTA = 0.9894748504233307, GAMMA = 0.00049947788625...]
2025-10-24 22:32:46,571 - query execution done
2025-10-24 22:32:46,573 - query: [UPDATE OPTIONS_SNAPSHOT SET DELTA = 0.9880540783649415, GAMMA = 0.00058390145371...]
2025-10-24 22:32:47,226 - query execution done
2025-10-24 22:32:47,228 - query: [UPDATE OPTIONS_SNAPSHOT SET DELTA = 0.9882195264478376, GAMMA = 0.00062143747818...]
2025-10-24 22:32:47,843 - query execution done
2025-10-24 22:32:47,846 - query: [UPDATE OPTIONS_SNAPSHOT SET DELTA = 0.9847511210014482, GAMMA = 0.00086098567183...]
2025-10-24 22:32:48,455 - query execution done
2025-10-24 22:32:48,456 - query: [UPDATE OPTIONS_SNAPSHOT SET DELTA = 0.9827448941410446, GAMMA = 0.00101308409858...]
2025-10-24 22:32:49,070 - query execution done
2025-10-24 22:32:49,072 - query: [UPDATE OPTIONS_SNAPSHOT SET DELTA = 0.981550643382905, GAMMA = 0.001153039881486...]
2025-10-24 22:32:49,684 - query execution done
2025-10-24 22:32:49,686 - query: [UPDATE OPTIONS_SNAPSHOT SET DELTA = 0.9720313178439333, GAMMA = 0.00163195957708...]
2025-10-24 22:32:50,299 - query execution done
2025-10-24 22:32:50,301 - query: [UPDATE OPTIONS_SNAPSHOT SET DELTA = 0.9774579869709654, GAMMA = 0.00158014330713...]
2025-10-24 22:32:50,906 - query execution done
2025-10-24 22:32:50,907 - query: [UPDATE OPTIONS_SNAPSHOT SET DELTA = 0.9730725413538468, GAMMA = 0.00195456436870...]
2025-10-24 22:32:51,549 - query execution done
2025-10-24 22:32:51,551 - query: [UPDATE OPTIONS_SNAPSHOT SET DELTA = 0.9706654587810868, GAMMA = 0.00230269957480...]
2025-10-24 22:32:52,068 - query execution done
2025-10-24 22:32:52,070 - query: [UPDATE OPTIONS_SNAPSHOT SET DELTA = 0.9637977775006428, GAMMA = 0.00293746141180...]
2025-10-24 22:32:52,653 - query execution done
2025-10-24 22:32:52,655 - query: [UPDATE OPTIONS_SNAPSHOT SET DELTA = 0.9108547248323946, GAMMA = 0.00501799071987...]
2025-10-24 22:32:53,165 - query execution done
2025-10-24 22:32:53,167 - query: [UPDATE OPTIONS_SNAPSHOT SET DELTA = 0.897913147875029, GAMMA = 0.006091189770612...]
2025-10-24 22:32:53,781 - query execution done
2025-10-24 22:32:53,783 - query: [UPDATE OPTIONS_SNAPSHOT SET DELTA = 0.9200808899686608, GAMMA = 0.00678594034595...]
2025-10-24 22:32:54,392 - query execution done
2025-10-24 22:32:54,394 - query: [UPDATE OPTIONS_SNAPSHOT SET DELTA = 0.8895365450896607, GAMMA = 0.00918772247244...]
2025-10-24 22:32:55,009 - query execution done
2025-10-24 22:32:55,010 - query: [UPDATE OPTIONS_SNAPSHOT SET DELTA = 0.8510136751953505, GAMMA = 0.01233789035852...]
2025-10-24 22:32:55,623 - query execution done
2025-10-24 22:32:55,626 - query: [UPDATE OPTIONS_SNAPSHOT SET DELTA = 0.7867310329037669, GAMMA = 0.01627989645151...]
2025-10-24 22:32:56,419 - query execution done
2025-10-24 22:32:56,421 - query: [UPDATE OPTIONS_SNAPSHOT SET DELTA = 0.7036063519140479, GAMMA = 0.02072734284439...]
2025-10-24 22:32:57,058 - query execution done
2025-10-24 22:32:57,059 -    1050 contracts updated...
2025-10-24 22:32:57,059 - query: [COMMIT]
2025-10-24 22:32:57,210 - query execution done
2025-10-24 22:32:57,211 - Number of results in first chunk: 1
2025-10-24 22:32:57,213 - query: [UPDATE OPTIONS_SNAPSHOT SET DELTA = 0.5920121622822647, GAMMA = 0.02381312995059...]
2025-10-24 22:32:57,775 - query execution done
2025-10-24 22:32:57,776 - query: [UPDATE OPTIONS_SNAPSHOT SET DELTA = 0.4689331389388111, GAMMA = 0.02504895073510...]
2025-10-24 22:32:58,440 - query execution done
2025-10-24 22:32:58,443 - query: [UPDATE OPTIONS_SNAPSHOT SET DELTA = 0.3461174471883128, GAMMA = 0.02367229886007...]
2025-10-24 22:32:59,106 - query execution done
2025-10-24 22:32:59,108 - query: [UPDATE OPTIONS_SNAPSHOT SET DELTA = 0.23992786801179244, GAMMA = 0.0199786143628...]
2025-10-24 22:32:59,676 - query execution done
2025-10-24 22:32:59,677 - query: [UPDATE OPTIONS_SNAPSHOT SET DELTA = 0.1561296586853964, GAMMA = 0.01538366934937...]
2025-10-24 22:33:00,334 - query execution done
2025-10-24 22:33:00,336 - query: [UPDATE OPTIONS_SNAPSHOT SET DELTA = 0.09772669546667706, GAMMA = 0.0109682030523...]
2025-10-24 22:33:01,460 - query execution done
2025-10-24 22:33:01,462 - query: [UPDATE OPTIONS_SNAPSHOT SET DELTA = 0.0594674866187807, GAMMA = 0.00740029969097...]
2025-10-24 22:33:02,105 - query execution done
2025-10-24 22:33:02,107 - query: [UPDATE OPTIONS_SNAPSHOT SET DELTA = 0.036094151570790094, GAMMA = 0.004846950393...]
2025-10-24 22:33:02,611 - query execution done
2025-10-24 22:33:02,613 - query: [UPDATE OPTIONS_SNAPSHOT SET DELTA = 0.022423899335308195, GAMMA = 0.003167400434...]
2025-10-24 22:33:03,208 - query execution done
2025-10-24 22:33:03,209 - query: [UPDATE OPTIONS_SNAPSHOT SET DELTA = 0.014026309555806438, GAMMA = 0.002061140970...]
2025-10-24 22:33:03,872 - query execution done
2025-10-24 22:33:03,874 - query: [UPDATE OPTIONS_SNAPSHOT SET DELTA = 0.00968376282529461, GAMMA = 0.0014320476552...]
2025-10-24 22:33:04,564 - query execution done
2025-10-24 22:33:04,566 - query: [UPDATE OPTIONS_SNAPSHOT SET DELTA = 0.005514928510684935, GAMMA = 0.000862273221...]
2025-10-24 22:33:05,132 - query execution done
2025-10-24 22:33:05,134 - query: [UPDATE OPTIONS_SNAPSHOT SET DELTA = 0.004043431517025478, GAMMA = 0.000626242741...]
2025-10-24 22:33:05,851 - query execution done
2025-10-24 22:33:05,853 - query: [UPDATE OPTIONS_SNAPSHOT SET DELTA = 0.003751283787159036, GAMMA = 0.000548048456...]
2025-10-24 22:33:06,579 - query execution done
2025-10-24 22:33:06,581 - query: [UPDATE OPTIONS_SNAPSHOT SET DELTA = 0.002559864166761013, GAMMA = 0.000379163511...]
2025-10-24 22:33:07,107 - query execution done
2025-10-24 22:33:07,109 - query: [UPDATE OPTIONS_SNAPSHOT SET DELTA = -0.0022919756131090097, GAMMA = 8.3560908728...]
2025-10-24 22:33:07,809 - query execution done
2025-10-24 22:33:07,811 - query: [UPDATE OPTIONS_SNAPSHOT SET DELTA = -0.0026632925948649744, GAMMA = 0.0001110603...]
2025-10-24 22:33:08,401 - query execution done
2025-10-24 22:33:08,403 - query: [UPDATE OPTIONS_SNAPSHOT SET DELTA = -0.002819492178426586, GAMMA = 0.00013018974...]
2025-10-24 22:33:09,000 - query execution done
2025-10-24 22:33:09,002 - query: [UPDATE OPTIONS_SNAPSHOT SET DELTA = -0.0031351655216688146, GAMMA = 0.0001498286...]
2025-10-24 22:33:09,629 - query execution done
2025-10-24 22:33:09,631 - query: [UPDATE OPTIONS_SNAPSHOT SET DELTA = -0.00028097848990094043, GAMMA = 2.230890013...]
2025-10-24 22:33:10,183 - query execution done
2025-10-24 22:33:10,185 - query: [UPDATE OPTIONS_SNAPSHOT SET DELTA = -0.0006726409098199992, GAMMA = 4.9264230916...]
2025-10-24 22:33:10,638 - query execution done
2025-10-24 22:33:10,640 - query: [UPDATE OPTIONS_SNAPSHOT SET DELTA = -0.0033187629979045674, GAMMA = 0.0001880488...]
2025-10-24 22:33:11,286 - query execution done
2025-10-24 22:33:11,290 - query: [UPDATE OPTIONS_SNAPSHOT SET DELTA = -0.0033166972210776358, GAMMA = 0.0002004236...]
2025-10-24 22:33:11,904 - query execution done
2025-10-24 22:33:11,906 - query: [UPDATE OPTIONS_SNAPSHOT SET DELTA = -0.0024594825521414565, GAMMA = 0.0001697889...]
2025-10-24 22:33:12,523 - query execution done
2025-10-24 22:33:12,525 - query: [UPDATE OPTIONS_SNAPSHOT SET DELTA = -0.0009257629568646397, GAMMA = 8.2984558929...]
2025-10-24 22:33:13,256 - query execution done
2025-10-24 22:33:13,258 - query: [UPDATE OPTIONS_SNAPSHOT SET DELTA = -0.0009658405492133371, GAMMA = 9.2161028151...]
2025-10-24 22:33:13,850 - query execution done
2025-10-24 22:33:13,975 - query: [UPDATE OPTIONS_SNAPSHOT SET DELTA = -0.0015610111674947413, GAMMA = 0.0001463243...]
2025-10-24 22:33:14,616 - query execution done
2025-10-24 22:33:14,617 - query: [UPDATE OPTIONS_SNAPSHOT SET DELTA = -0.0017154690366174563, GAMMA = 0.0001703525...]
2025-10-24 22:33:15,134 - query execution done
2025-10-24 22:33:15,136 - query: [UPDATE OPTIONS_SNAPSHOT SET DELTA = -0.0024776180194530095, GAMMA = 0.0002470070...]
2025-10-24 22:33:15,794 - query execution done
2025-10-24 22:33:15,796 - query: [UPDATE OPTIONS_SNAPSHOT SET DELTA = -0.003660211000198643, GAMMA = 0.00036397641...]
2025-10-24 22:33:16,324 - query execution done
2025-10-24 22:33:16,326 - query: [UPDATE OPTIONS_SNAPSHOT SET DELTA = -0.003530616094358563, GAMMA = 0.00038736716...]
2025-10-24 22:33:18,155 - query execution done
2025-10-24 22:33:18,157 - query: [UPDATE OPTIONS_SNAPSHOT SET DELTA = -0.005296391525249189, GAMMA = 0.00058005605...]
2025-10-24 22:33:18,869 - query execution done
2025-10-24 22:33:18,871 - query: [UPDATE OPTIONS_SNAPSHOT SET DELTA = -0.0069601902439369034, GAMMA = 0.0007871917...]
2025-10-24 22:33:19,483 - query execution done
2025-10-24 22:33:19,485 - query: [UPDATE OPTIONS_SNAPSHOT SET DELTA = -0.009986531392854103, GAMMA = 0.00114135814...]
2025-10-24 22:33:20,199 - query execution done
2025-10-24 22:33:20,200 - query: [UPDATE OPTIONS_SNAPSHOT SET DELTA = -0.01255877509863923, GAMMA = 0.001513703682...]
2025-10-24 22:33:20,711 - query execution done
2025-10-24 22:33:20,712 - query: [UPDATE OPTIONS_SNAPSHOT SET DELTA = -0.017341868913599567, GAMMA = 0.00215430967...]
2025-10-24 22:33:21,520 - query execution done
2025-10-24 22:33:21,522 - query: [UPDATE OPTIONS_SNAPSHOT SET DELTA = -0.0263638957384007, GAMMA = 0.0032720283142...]
2025-10-24 22:33:22,044 - query execution done
2025-10-24 22:33:22,046 - query: [UPDATE OPTIONS_SNAPSHOT SET DELTA = -0.041971262486420136, GAMMA = 0.00508566937...]
2025-10-24 22:33:22,555 - query execution done
2025-10-24 22:33:22,557 - query: [UPDATE OPTIONS_SNAPSHOT SET DELTA = -0.06975062306775892, GAMMA = 0.007957449458...]
2025-10-24 22:33:23,137 - query execution done
2025-10-24 22:33:23,139 - query: [UPDATE OPTIONS_SNAPSHOT SET DELTA = -0.11734330769656642, GAMMA = 0.012052567098...]
2025-10-24 22:33:23,686 - query execution done
2025-10-24 22:33:23,688 - query: [UPDATE OPTIONS_SNAPSHOT SET DELTA = -0.18731337957508853, GAMMA = 0.016967915916...]
2025-10-24 22:33:24,298 - query execution done
2025-10-24 22:33:24,300 - query: [UPDATE OPTIONS_SNAPSHOT SET DELTA = -0.28247743363088784, GAMMA = 0.022004745027...]
2025-10-24 22:33:24,909 - query execution done
2025-10-24 22:33:24,911 - query: [UPDATE OPTIONS_SNAPSHOT SET DELTA = -0.4027215603547657, GAMMA = 0.0256002402494...]
2025-10-24 22:33:25,627 - query execution done
2025-10-24 22:33:25,629 - query: [UPDATE OPTIONS_SNAPSHOT SET DELTA = -0.5344215240746417, GAMMA = 0.0265776058440...]
2025-10-24 22:33:26,344 - query execution done
2025-10-24 22:33:26,345 - query: [UPDATE OPTIONS_SNAPSHOT SET DELTA = -0.6533088238619951, GAMMA = 0.0236059388626...]
2025-10-24 22:33:26,921 - query execution done
2025-10-24 22:33:26,922 - query: [UPDATE OPTIONS_SNAPSHOT SET DELTA = -0.7521834989034626, GAMMA = 0.0196633973431...]
2025-10-24 22:33:27,571 - query execution done
2025-10-24 22:33:27,573 - query: [UPDATE OPTIONS_SNAPSHOT SET DELTA = -0.8491902918659827, GAMMA = 0.0153504933425...]
2025-10-24 22:33:28,188 - query execution done
2025-10-24 22:33:28,189 - query: [UPDATE OPTIONS_SNAPSHOT SET DELTA = -0.9169624957371291, GAMMA = 0.0085384312142...]
2025-10-24 22:33:28,800 - query execution done
2025-10-24 22:33:28,802 - query: [UPDATE OPTIONS_SNAPSHOT SET DELTA = -0.9187130521477335, GAMMA = 0.0072260654267...]
2025-10-24 22:33:29,416 - query execution done
2025-10-24 22:33:29,418 - query: [UPDATE OPTIONS_SNAPSHOT SET DELTA = -0.928974678981614, GAMMA = 0.00597925481994...]
2025-10-24 22:33:29,965 - query execution done
2025-10-24 22:33:29,965 -    1100 contracts updated...
2025-10-24 22:33:29,965 - query: [COMMIT]
2025-10-24 22:33:30,170 - query execution done
2025-10-24 22:33:30,170 - Number of results in first chunk: 1
2025-10-24 22:33:30,171 - query: [COMMIT]
2025-10-24 22:33:30,322 - query execution done
2025-10-24 22:33:30,322 - Number of results in first chunk: 1
2025-10-24 22:33:30,322 - 
✅ Successfully calculated Greeks for 1100 contracts
2025-10-24 22:33:30,323 - query: [SELECT COUNT(*) FROM OPTIONS_SNAPSHOT WHERE DELTA IS NOT NULL]
2025-10-24 22:33:30,685 - query execution done
2025-10-24 22:33:30,686 - Number of results in first chunk: 1
2025-10-24 22:33:30,699 - ✅ Total contracts with Greeks: 1100
2025-10-24 22:33:30,699 - 
📊 Sample Greeks values:
2025-10-24 22:33:30,700 - query: [SELECT SYMBOL, STRIKE, OPTION_TYPE, DELTA, GAMMA, THETA, VEGA FROM OPTIONS_SNAPS...]
2025-10-24 22:33:31,432 - query execution done
2025-10-24 22:33:31,433 - Number of results in first chunk: 5
2025-10-24 22:33:31,434 -    AAPL $140.0000 CALL: Δ=1.0000 Γ=0.0000 Θ=0.0000 ν=0.0000
2025-10-24 22:33:31,434 -    AAPL $110.0000 CALL: Δ=1.0000 Γ=0.0000 Θ=0.0000 ν=0.0000
2025-10-24 22:33:31,434 -    AAPL $120.0000 CALL: Δ=1.0000 Γ=0.0000 Θ=0.0000 ν=0.0000
2025-10-24 22:33:31,435 -    AAPL $150.0000 CALL: Δ=1.0000 Γ=0.0000 Θ=0.0000 ν=0.0000
2025-10-24 22:33:31,435 -    AAPL $125.0000 CALL: Δ=1.0000 Γ=0.0000 Θ=0.0000 ν=0.0000
2025-10-24 22:33:31,435 - closed
2025-10-24 22:33:31,584 - No async queries seem to be running, deleting session
2025-10-24 22:33:31,718 - 
======================================================================
2025-10-24 22:33:31,718 - ✅ GREEKS CALCULATION COMPLETED!
2025-10-24 22:33:31,718 - ======================================================================
